feature,split,gain,total
f001_var_81,0.996741491672701,1.0,1.9967414916727009
f001_var_139,0.9851556842867488,0.9266030639413164,1.9117587482280651
f001_var_53,0.9735698769007964,0.7755652526942689,1.7491351295950652
f001_var_6,1.0,0.7164551417756664,1.7164551417756664
f001_var_174,0.9869659666908039,0.6646605067406416,1.6516264734314454
f001_var_76,0.9721216509775525,0.6782473717498334,1.650369022727386
f001_var_26,0.945691527878349,0.6562560130604227,1.6019475409387716
f001_var_21,0.9475018102824041,0.6457285058594157,1.5932303161418198
f001_var_166,0.939536567704562,0.6273510417322811,1.5668876094368431
f001_var_190,0.9525706010137582,0.6062166841829422,1.5587872851967004
f001_var_78,0.9728457639391745,0.5804219377012358,1.5532677016404104
f001_var_146,0.9080376538740044,0.6450007740045818,1.5530384278785863
f001_var_34,0.9739319333816076,0.5755590730048799,1.5494910063864875
f001_var_110,0.8526430123099203,0.6777301460814452,1.5303731583913656
f001_var_22,0.9275887038377987,0.5878937145817787,1.5154824184195774
f001_var_33,0.9840695148443158,0.5285327357696679,1.5126022506139836
f001_var_12,0.8254887762490949,0.6666575848389346,1.4921463610880294
f001_var_109,0.8953656770456192,0.5870794924066394,1.4824451694522587
f001_var_13,0.9370021723388849,0.5436879357348118,1.4806901080736967
f001_var_165,0.9007965242577843,0.5796660919110224,1.4804626161688068
f001_var_99,0.8888486603910211,0.5903766255628179,1.4792252859538388
f001_var_170,0.9547429398986241,0.5186316197966824,1.4733745596953065
f001_var_133,0.9196234612599566,0.5476526039182333,1.46727606517819
f001_var_80,0.8935553946415642,0.5669394626165536,1.4604948572581178
f001_var_40,0.8884866039102101,0.5271607905749899,1.4156473944852
f001_var_1,0.8837798696596669,0.5099242489982533,1.3937041186579202
f001_var_164,0.8671252715423606,0.5191565745709983,1.3862818461133588
f001_var_148,0.828747284576394,0.5460070867429293,1.3747543713193233
f001_var_177,0.8551774076755974,0.5002012785784726,1.35537868625407
f001_var_2,0.833091962346126,0.5170353099838055,1.3501272723299316
f001_var_184,0.8776249094858799,0.46652541624393656,1.3441503257298164
f001_var_94,0.8580738595220855,0.46346237296178255,1.321536232483868
f001_var_0,0.8225923244026068,0.4899381897857734,1.31253051418838
f001_var_121,0.8664011585807386,0.43069385865545645,1.297095017236195
f001_var_191,0.8515568428674873,0.44217073871981405,1.2937275815873015
f001_var_92,0.8316437364228819,0.4609936009886678,1.2926373374115498
f001_var_149,0.8417813178855902,0.44393008581727367,1.2857114037028639
f001_var_44,0.8077480086893556,0.47158510511771123,1.2793331138070667
f001_var_169,0.8128167994207096,0.46094974369057706,1.2737665431112868
f001_var_179,0.8095582910934106,0.46229300126745904,1.2718512923608696
f001_var_198,0.7925416364952933,0.4772001720090206,1.269741808504314
f001_var_115,0.8139029688631427,0.45512717270138603,1.2690301415645289
f001_var_67,0.8446777697320783,0.41597984314076436,1.2606576128728426
f001_var_173,0.8479362780593772,0.40517878558938386,1.2531150636487611
f001_var_9,0.8294713975380159,0.41676861129342746,1.2462400088314434
f001_var_18,0.8262128892107169,0.41561816002870333,1.2418310492394202
f001_var_154,0.7990586531498913,0.42942823547618864,1.22848688862608
f001_var_108,0.7961622013034034,0.3854239750231146,1.181586176326518
f001_var_192,0.776249094858798,0.3940334768167387,1.1702825716755367
f001_var_127,0.8037653874004345,0.35640401441900227,1.1601694018194366
f001_var_107,0.778059377262853,0.3816361390112925,1.1596955162741456
f001_var_75,0.7929036929761043,0.364708777175507,1.1576124701516113
f001_var_155,0.7929036929761043,0.3609925008320736,1.153896193808178
f001_var_122,0.7566980448950037,0.39218938781830825,1.148887432713312
f001_var_118,0.7838522809558292,0.36387084501483036,1.1477231259706595
f001_var_95,0.7697320782041999,0.3698062669750185,1.1395383451792185
f001_var_89,0.7556118754525706,0.3534721138738507,1.1090839893264213
f001_var_147,0.7541636495293267,0.3534521282269769,1.1076157777563036
f001_var_172,0.7519913106444606,0.35531569723773615,1.1073070078821967
f001_var_35,0.7675597393193339,0.3309697941371622,1.098529533456496
f001_var_86,0.7371469949312093,0.35968424277478067,1.09683123770599
f001_var_197,0.7657494569152788,0.3199713472268997,1.0857208041421784
f001_var_188,0.7328023171614773,0.35109877395372213,1.0839010911151994
f001_var_5,0.7447501810282404,0.31963387634080026,1.0643840573690406
f001_var_56,0.7469225199131065,0.3160885947196323,1.0630111146327388
f001_var_91,0.7251991310644461,0.316758047899075,1.0419571789635211
f001_var_123,0.6915278783490225,0.34821775449731823,1.0397456328463408
f001_var_87,0.7270094134685011,0.31030432617663734,1.0373137396451384
f001_var_36,0.7092686459087618,0.3158161622870764,1.0250848081958381
f001_var_32,0.7262853005068791,0.29529056408120874,1.021575864588088
f001_var_180,0.7081824764663287,0.31304522707458093,1.0212277035409096
f001_var_71,0.7309920347574222,0.282151572851376,1.0131436076087983
f001_var_49,0.714337436640116,0.28380663516604615,0.998144071806162
f001_var_162,0.7023895727733527,0.28953171935346317,0.9919212921268159
f001_var_157,0.6900796524257784,0.2854848632800427,0.975564515705821
f001_var_106,0.6777697320782042,0.28212139971773537,0.9598911317959395
f001_var_145,0.6810282404055032,0.27224860885346414,0.9532768492589674
f001_var_150,0.6821144098479364,0.2663271649107674,0.9484415747587038
f001_var_141,0.6839246922519914,0.2642012581413406,0.9481259503933319
f001_var_48,0.6860970311368574,0.2579139322507424,0.9440109633875997
f001_var_90,0.6929761042722665,0.24573006158839272,0.9387061658606592
f001_var_93,0.6473569876900798,0.28219888633470896,0.9295558740247887
f001_var_130,0.6622013034033309,0.2662550781519825,0.9284563815553135
f001_var_119,0.6589427950760319,0.2691049047851956,0.9280476998612275
f001_var_167,0.662563359884142,0.26457316832035577,0.9271365282044977
f001_var_163,0.6531498913830558,0.25959387404688056,0.9127437654299364
f001_var_131,0.6654598117306301,0.24668788858477844,0.9121477003154085
f001_var_186,0.6585807385952209,0.24978644798152724,0.9083671865767482
f001_var_128,0.6564083997103549,0.24092836476011462,0.8973367644704695
f001_var_24,0.6582186821144099,0.23368468522559138,0.8919033673400013
f001_var_137,0.6451846488052136,0.23582264048396853,0.8810072892891821
f001_var_70,0.6433743664011585,0.2221632959728522,0.8655376623740108
f001_var_195,0.6169442433019552,0.23525385502790752,0.8521980983298627
f001_var_104,0.6296162201303404,0.21366518569621906,0.8432814058265594
f001_var_135,0.5959449674149168,0.22850970058987866,0.8244546680047954
f001_var_112,0.6006517016654599,0.22288388063234615,0.8235355822978061
f001_var_196,0.6020999275887039,0.20729145197273305,0.8093913795614369
f001_var_199,0.6010137581462709,0.2075871722901077,0.8086009304363786
f001_var_23,0.6017378711078928,0.20572237752776798,0.8074602486356608
f001_var_43,0.5854453294713975,0.2177149991264655,0.803160328597863
f001_var_52,0.5811006517016655,0.22066677693916428,0.8017674286408297
f001_var_125,0.5890658942795076,0.2088423601894397,0.7979082544689473
f001_var_82,0.5926864590876176,0.202221416392604,0.7949078754802217
f001_var_114,0.5847212165097756,0.2096407764454066,0.7943619929551822
f001_var_151,0.5680666183924693,0.2107697709198814,0.7788363893123507
f001_var_85,0.5778421433743665,0.20017263260416723,0.7780147759785336
f001_var_194,0.5785662563359885,0.19053987027423408,0.7691061266102226
f001_var_111,0.5629978276611152,0.2033780428462652,0.7663758705073804
f001_var_20,0.5792903692976105,0.18203392313393135,0.7613242924315418
f001_var_51,0.5430847212165097,0.2027972329820705,0.7458819541985803
f001_var_31,0.5499637943519189,0.1861792855913521,0.736143079943271
f001_var_28,0.5438088341781318,0.1869110950953723,0.730719929273504
f001_var_116,0.5503258508327299,0.179929611325427,0.730255462158157
f001_var_132,0.5358435916002897,0.1905540535398823,0.726397645140172
f001_var_58,0.5314989138305576,0.1832202892978354,0.714719203128393
f001_var_175,0.5242577842143376,0.167306186937807,0.6915639711521445
f003_var_80_r1,0.4790007241129617,0.2077454991657116,0.6867462232786733
f001_var_11,0.5177407675597393,0.16659097994279823,0.6843317475025376
f001_var_105,0.5068790731354091,0.1741501323249544,0.6810292054603635
f001_var_45,0.5166545981173063,0.1564910028549141,0.6731456009722204
f001_var_156,0.5123099203475743,0.15898971988928068,0.671299640236855
f003_var_2_r1,0.4735698769007966,0.1907328873349024,0.664302764235699
f003_var_80_r2,0.45510499637943524,0.20876661934447607,0.6638716157239113
f001_var_144,0.5007241129616221,0.15385691941562007,0.6545810323772422
f001_var_66,0.4942070963070239,0.15359323995970522,0.6478003362667292
f001_var_83,0.4891383055756698,0.15628608511276698,0.6454243906884367
f001_var_8,0.4891383055756698,0.14536300947289127,0.634501315048561
f003_var_108_r3,0.4344677769732078,0.18402346758561264,0.6184912445588204
f001_var_178,0.46813902968863147,0.1425589985856491,0.6106980282742805
f001_var_88,0.45800144822592326,0.14561286005139235,0.6036143082773155
f001_var_77,0.4608979000724113,0.13877898552562654,0.5996768855980379
f003_var_108,0.42433019551049966,0.1708537193081706,0.5951839148186703
f001_var_102,0.4543808834178132,0.1392274466935678,0.593608330111381
f001_var_134,0.44750181028240404,0.14475101244237362,0.5922528227247776
f001_var_55,0.4500362056480811,0.13238860826853993,0.582424813916621
f001_var_142,0.44605358435916004,0.12720436188241488,0.5732579462415749
f003_var_13_r1,0.4094858797972484,0.16314611623504666,0.572631996032295
f001_var_140,0.443519188993483,0.12226211951171714,0.5657813085052001
f001_var_74,0.4337436640115858,0.13173274896278225,0.5654764129743681
f001_var_97,0.4373642288196959,0.12769710041000984,0.5650613292297058
f001_var_187,0.4330195510499638,0.1273570097143987,0.5603765607643625
f003_var_154_r1,0.4036929761042723,0.14809273965783806,0.5517857157621103
f003_var_81_r2,0.31860970311368575,0.2234623480747839,0.5420720511884697
f001_var_193,0.41455467052860245,0.12050735445034778,0.5350620249789503
f001_var_15,0.4112961622013034,0.12001627622910468,0.5313124384304081
f003_var_26_r1,0.3374366401158581,0.19141406388767496,0.5288507040035331
f003_var_94_r1,0.387762490948588,0.14057797360941582,0.5283404645580039
f001_var_138,0.4087617668356264,0.11858370095336766,0.527345467788994
f003_var_2_r2,0.3689355539464157,0.14339299078485457,0.5123285447312702
f003_var_12_r3,0.34938450398262133,0.16237475257426362,0.5117592565568849
f001_var_54,0.3993482983345402,0.11150400014485645,0.5108522984793966
f001_var_159,0.39753801593048516,0.1083626599363086,0.5059006758667938
f003_var_123_r2,0.36567704561911657,0.13137844838517726,0.49705549400429383
f003_var_110_r1,0.33454018826937004,0.16179321228098825,0.4963334005503583
f003_var_81_r1,0.2910934105720493,0.20287593723872094,0.49396934781077023
f003_var_9_r2,0.36857349746560464,0.11900516715462738,0.487578664620232
f001_var_62,0.3776249094858798,0.10498135237255979,0.4826062618584396
f003_var_146_r1,0.3218682114409848,0.15826909320797902,0.48013730464896387
f003_var_44_r2,0.3385228095582911,0.14137610602924577,0.4798989155875369
f003_var_13_r2,0.3399710354815352,0.1360889713956576,0.47606000687719274
f003_var_123_r1,0.35083272990586534,0.1242504014801877,0.47508313138605307
f003_var_139_r1,0.3008689355539464,0.17198667724359507,0.47285561279754146
f003_var_94_r2,0.34576393917451126,0.12420708970538573,0.469971028879897
f001_var_57,0.36857349746560464,0.10005465981025762,0.46862815727586227
f001_var_168,0.3624185372918175,0.10618197949125387,0.46860051678307135
f001_var_63,0.36567704561911657,0.10213620364704862,0.4678132492661652
f001_var_113,0.3624185372918175,0.10063572104955887,0.46305425834137637
f003_var_44_r1,0.3225923244026068,0.13837242906152422,0.460964753464131
f003_var_22_r1,0.2994207096307024,0.15664259430596406,0.45606330393666644
f003_var_165_r1,0.3272990586531499,0.12503632647320526,0.4523353851263552
f001_var_171,0.3497465604634323,0.10222193522710346,0.45196849569053577
f003_var_174_r2,0.2932657494569153,0.1534583065578233,0.44672405601473864
f003_var_76_r1,0.32440260680666183,0.12132429552185804,0.44572690232851986
f003_var_179_r2,0.30702389572773353,0.1337388380624374,0.44076273379017095
f003_var_22_r2,0.3102824040550326,0.1267547790850353,0.4370371831400679
f003_var_198_r2,0.29580014482259237,0.14122940068099207,0.4370295455035844
f003_var_163_r2,0.33526430123099205,0.10124789144854125,0.4365121926795333
f001_var_72,0.3417813178855902,0.09328891033081338,0.43507022821640357
f003_var_53_r1,0.26900796524257786,0.16310838839693634,0.4321163536395142
f003_var_26_r2,0.28530050687907316,0.14581658688200402,0.4311170937610772
f003_var_146_r2,0.2954380883417813,0.13030070647455572,0.42573879481633703
f003_var_110_r2,0.2943519188993483,0.12410951396781182,0.41846143286716014
f003_var_198_r1,0.29181752353367124,0.1254129608076115,0.41723048434128274
f003_var_139_r2,0.28421433743664015,0.13266761983511244,0.4168819572717526
f003_var_141_r1,0.3229543808834178,0.0938448634572789,0.4167992443406967
f003_var_21_r1,0.3139029688631427,0.10288949291312048,0.41679246177626317
f003_var_40_r1,0.30195510499637945,0.11430527737420948,0.41626038237058893
f003_var_174_r1,0.2802317161477191,0.13304539469244825,0.4132771108401673
f003_var_0_r2,0.2921795800144823,0.12007159128710473,0.41225117130158706
f001_var_50,0.3218682114409848,0.08903266863608941,0.41090088007707426
f003_var_179_r1,0.2805937726285301,0.12926167036492786,0.40985544299345794
f003_var_154_r2,0.3055756698044895,0.10376338999489265,0.4093390597993822
f003_var_99_r2,0.2968863142650254,0.11189799476708093,0.4087843090321063
f003_var_51_r1,0.3146270818247647,0.09386326025768024,0.40849034208244495
f003_var_175_r2,0.31933381607530775,0.08750014479256225,0.40683396086787
f001_var_181,0.31752353367125274,0.08784113727786616,0.4053646709491189
f001_var_64,0.31969587255611875,0.08510885758508255,0.40480473014120133
f003_var_99_r1,0.2802317161477191,0.12226352839377223,0.4024952445414913
f003_var_12_r2,0.275887038377987,0.12630414199506756,0.40219118037305457
f001_var_4,0.31643736422881974,0.08497445832120447,0.4014118225500242
f003_var_109_r1,0.2664735698769008,0.1303510034928206,0.39682457336972143
f003_var_1_r1,0.28385228095582915,0.11228935399545827,0.3961416349512874
f003_var_166_r2,0.278783490224475,0.11630409446968645,0.3950875846941615
f003_var_163_r1,0.2929036929761043,0.10062530565138929,0.3935289986274936
f003_var_6_r3,0.28493845039826216,0.10841103941501477,0.39334948981327694
f003_var_6_r2,0.279145546705286,0.11115139377903552,0.3902969404843215
f001_var_143,0.3073859522085446,0.0827652366974445,0.3901511889059891
f003_var_157_r1,0.2979724837074584,0.09196630013359883,0.3899387838410572
f003_var_133_r2,0.277335264301231,0.11047070121713987,0.3878059655183709
f003_var_12_r1,0.21832005792903691,0.16680502890257412,0.38512508683161106
f003_var_165_r2,0.280955829109341,0.10415724508700705,0.3851130741963481
f003_var_184_r1,0.28819695872556117,0.09671580968223009,0.38491276840779126
f003_var_76_r2,0.27624909485879795,0.10742085918179885,0.3836699540405968
f001_var_68,0.2994207096307024,0.08418238815418796,0.3836030977848903
f001_var_152,0.30123099203475745,0.08234837274048494,0.3835793647752424
f003_var_0_r1,0.2661115133960898,0.11719784341899862,0.38330935681508843
f003_var_164_r1,0.279869659666908,0.10323223304860389,0.3831018927155119
f001_var_3,0.2994207096307024,0.08143753898163703,0.3808582486123394
f001_var_120,0.30159304851556845,0.07893690693876877,0.3805299554543372
f003_var_127_r1,0.2910934105720493,0.08631370542476417,0.3774071159968135
f003_var_92_r1,0.278059377262853,0.09888579340167619,0.3769451706645292
f001_var_25,0.2965242577842144,0.0798486112605048,0.37637286904471917
f003_var_108_r2,0.2671976828385228,0.10863441509645386,0.37583209793497663
f003_var_86_r2,0.2802317161477191,0.09406243739696445,0.37429415354468354
f003_var_191_r2,0.27226647356987693,0.10083996132253469,0.37310643489241163
f003_var_78_r2,0.276611151339609,0.09531301892896693,0.37192417026857594
f003_var_109_r2,0.25706010137581464,0.11482119080578125,0.3718812921815959
f003_var_1_r2,0.2802317161477191,0.09029339549889605,0.3705251116466151
f001_var_19,0.2929036929761043,0.0772449538280218,0.37014864680412607
f003_var_119_r1,0.2820419985517741,0.08729516149335427,0.36933716004512834
f003_var_91_r3,0.2820419985517741,0.08677208313115586,0.36881408168292995
f001_var_61,0.2947139753801593,0.07351975396568064,0.36823372934584
f003_var_122_r1,0.27842143374366407,0.08973110007112207,0.36815253381478613
f003_var_191_r1,0.26900796524257786,0.09794542476039007,0.36695339000296795
f001_var_84,0.29000724112961623,0.07594083418317184,0.36594807531278806
f003_var_173_r1,0.28493845039826216,0.08083029975257638,0.36576875015083854
f003_var_18_r1,0.274800868935554,0.09049172753790499,0.365292596473459
f003_var_110_r3,0.25162925416364956,0.11024831479890432,0.36187756896255385
f003_var_81_r3,0.23425054308472124,0.12739690792051983,0.3616474510052411
f003_var_86_r1,0.2668356263577118,0.0943325863867591,0.3611682127444709
f001_var_59,0.28493845039826216,0.07390764125902254,0.3588460916572847
f003_var_9_r1,0.2643012309920348,0.09438598096273482,0.3586872119547696
f003_var_36_r2,0.280955829109341,0.0769056215730486,0.3578614506823896
f003_var_133_r3,0.2661115133960898,0.09116098538771478,0.35727249878380457
f003_var_9_r3,0.2671976828385228,0.08941790882832733,0.35661559166685014
f003_var_190_r1,0.2603186097031137,0.09576412699677973,0.35608273669989343
f003_var_119_r2,0.26755973931933386,0.08615314549053306,0.3537128848098669
f003_var_147_r1,0.26755973931933386,0.08406347215784145,0.3516232114771753
f003_var_78_r1,0.24692251991310646,0.10066818057289818,0.34759070048600466
f003_var_151_r1,0.2661115133960898,0.08140819357520336,0.34751970697129314
f001_var_65,0.274800868935554,0.07203068649812332,0.34683155543367733
f003_var_130_r2,0.2639391745112238,0.08236033625567875,0.3462995107669025
f003_var_12,0.24112961622013032,0.10414069414716519,0.3452703103672955
f003_var_115_r2,0.2671976828385228,0.07798040693177408,0.34517808977029685
f001_var_176,0.27516292541636495,0.06956543747023458,0.3447283628865995
f003_var_33_r1,0.2606806661839247,0.08368818696628319,0.34436885315020793
f003_var_170_r1,0.24656046343229543,0.09556684425532233,0.3421273076876178
f003_var_132_r2,0.2664735698769008,0.07563041258310038,0.3421039824600012
f001_var_101,0.2719044170890659,0.07002043697119492,0.3419248540602608
f003_var_155_r1,0.2632150615496018,0.07857200339199023,0.341787064941592
f003_var_49_r2,0.2650253439536568,0.07365077475581744,0.3386761187094742
f003_var_190_r2,0.2509051412020275,0.08690064748122876,0.3378057886832563
f003_var_122_r2,0.2595944967414917,0.07809559906347134,0.33769009580496306
f003_var_148_r2,0.24438812454742942,0.09208715846581393,0.33647528301324336
f003_var_181_r2,0.2657494569152788,0.07004299920284983,0.33579245611812863
f003_var_175_r1,0.2624909485879797,0.07316250168811758,0.3356534502760973
f003_var_75_r2,0.25307748008689357,0.0807257509617543,0.33380323104864784
f003_var_170_r2,0.24692251991310646,0.0865890285704299,0.33351154848353637
f001_var_69,0.2610427226647357,0.07204379658216392,0.33308651924689964
f003_var_51_r2,0.25597393193338164,0.07575433742956676,0.3317282693629484
f003_var_95_r2,0.25633598841419264,0.07532121862172268,0.33165720703591534
f003_var_169_r2,0.25488776249094863,0.07672809388396287,0.33161585637491153
f003_var_21_r2,0.24511223750905142,0.08434469304655555,0.329456930555607
f001_var_16,0.25995655322230266,0.06925835407952678,0.32921490730182945
f003_var_148_r3,0.24293989862418536,0.08598801728898327,0.3289279159131686
f003_var_166_r3,0.24004344677769732,0.08830282871481172,0.32834627549250905
f003_var_144_r2,0.25778421433743665,0.06589054026066699,0.32367475459810363
f003_var_24_r2,0.25633598841419264,0.06720497178971345,0.3235409602039061
f003_var_87_r1,0.25271542360608257,0.07066844203574285,0.3233838656418254
f003_var_18_r2,0.24221578566256338,0.08082489299882238,0.32304067866138575
f003_var_75_r1,0.24149167270094138,0.08135468575007579,0.32284635845101717
f003_var_33_r2,0.24112961622013032,0.0790643194968948,0.32019393571702515
f001_var_60,0.25307748008689357,0.06702381216790598,0.32010129225479955
f001_var_37,0.2538015930485156,0.06624890215185508,0.32005049520037065
f003_var_157_r2,0.24583635047067345,0.07384542393687893,0.3196817744075524
f003_var_87_r2,0.25343953656770457,0.06592852540800531,0.3193680619757099
f003_var_188_r2,0.2490948587979725,0.07002893179343167,0.31912379059140417
f003_var_43_r3,0.2476466328747285,0.07146586576406869,0.3191124986387972
f003_var_173_r2,0.25054308472121656,0.06756032272022239,0.31810340744143895
f003_var_93_r2,0.23859522085445334,0.07780249283613493,0.3163977136905883
f003_var_151_r2,0.2436640115858074,0.0725107797618097,0.31617479134761706
f003_var_164_r2,0.24185372918175235,0.07416587843694794,0.3160196076187003
f003_var_40_r2,0.2367849384503983,0.07869159541757806,0.31547653386797636
f003_var_184_r2,0.23714699493120928,0.07826705934819289,0.31541405427940217
f003_var_56_r2,0.24149167270094138,0.07371768968408407,0.31520936238502545
f001_var_189,0.2498189717595945,0.06404955873847126,0.31386853049806573
f001_var_153,0.2501810282404055,0.06339562439551387,0.3135766526359194
f003_var_116_r2,0.2490948587979725,0.06373887369828976,0.31283373249626223
f003_var_50_r2,0.24619840695148446,0.06652966080962804,0.3127280677611125
f003_var_137_r1,0.24583635047067345,0.06657729217315693,0.31241364264383037
f003_var_22_r3,0.2161477190441709,0.09551482110086293,0.3116625401450338
f003_var_186_r1,0.2490948587979725,0.06149850699262016,0.31059336579059266
f003_var_147_r2,0.2346125995655322,0.07575101459883424,0.3103636141643664
f003_var_131_r2,0.23968139029688634,0.06816729225307967,0.307848682549966
f003_var_5_r1,0.2335264301230992,0.07349235907409676,0.30701878919719594
f003_var_180_r1,0.23533671252715424,0.07152397996994125,0.30686069249709547
f003_var_141_r2,0.23425054308472124,0.07092432249099183,0.30517486557571305
f003_var_180_r2,0.2367849384503983,0.06807088346249214,0.30485582191289046
f003_var_39_r2,0.2447501810282404,0.060100254675082704,0.3048504357033231
f003_var_130_r3,0.2346125995655322,0.0689144613739977,0.3035270609395299
f003_var_49_r1,0.23606082548877627,0.06735824828081949,0.30341907376959576
f003_var_34_r3,0.22918175235336713,0.07399895018876013,0.30318070254212726
f003_var_55_r2,0.23968139029688634,0.06327766734334817,0.3029590576402345
f003_var_125_r2,0.23062997827661116,0.07031519990505825,0.30094517818166944
f003_var_121_r2,0.2324402606806662,0.06782997706723572,0.3002702377479019
f003_var_149_r1,0.23533671252715424,0.06456524921343042,0.29990196174058464
f003_var_135_r1,0.2324402606806662,0.06715771066706437,0.2995979713477306
f003_var_89_r1,0.2262853005068791,0.07098652943848462,0.2972718299453637
f003_var_125_r3,0.2277335264301231,0.06894382204726669,0.2966773484773898
f003_var_69_r1,0.2346125995655322,0.06189364403830292,0.29650624360383515
f003_var_171_r1,0.23642288196958725,0.06005082028220366,0.2964737022517909
f003_var_34_r2,0.2270094134685011,0.06935022389329693,0.29635963736179805
f001_var_42,0.23569876900796524,0.060329972344801995,0.29602874135276724
f003_var_56_r1,0.22447501810282405,0.07088135721611222,0.29535637531893627
f003_var_35_r1,0.2328023171614772,0.06223690089400351,0.2950392180554807
f003_var_118_r1,0.23316437364228823,0.0616128316782964,0.2947772053205846
f003_var_115_r1,0.22411296162201305,0.07055685107950507,0.29466981270151815
f003_var_121_r1,0.2266473569876901,0.0678973068831554,0.2945446638708455
f003_var_93_r3,0.22375090514120202,0.06956672935127055,0.29331763449247256
f003_var_114_r2,0.23026792179580016,0.06278525403422586,0.293053175830026
f003_var_135_r2,0.2266473569876901,0.06614848498523467,0.29279584197292474
f003_var_6_r1,0.2056480811006517,0.08602477957801655,0.29167286067866827
f003_var_191_r3,0.22519913106444608,0.06645229539719594,0.291651426461642
f003_var_67_r1,0.22881969587255613,0.06282499713931704,0.2916446930118732
f003_var_55_r1,0.23062997827661116,0.06054267263574411,0.2911726509123553
f003_var_99_r3,0.21542360608254887,0.07518970100207858,0.29061330708462746
f001_var_47,0.2328023171614772,0.05701965603931565,0.28982197320079284
f003_var_91_r2,0.21940622737146998,0.07012078458740825,0.2895270119588782
f003_var_53_r2,0.21361332367849387,0.07544428939294648,0.28905761307144034
f003_var_145_r1,0.22302679217958002,0.0659758167110503,0.28900260889063034
f003_var_177_r2,0.22954380883417813,0.05936439756364524,0.2889082063978234
f003_var_89_r2,0.21759594496741494,0.07048240271927475,0.2880783476866897
f001_var_160,0.22990586531498916,0.05784317575741276,0.2877490410724019
f003_var_63_r1,0.22918175235336713,0.05786823909826398,0.2870499914516311
f003_var_131_r3,0.22338884866039105,0.0636558111939226,0.28704465985431366
f001_var_182,0.22954380883417813,0.05729298040564604,0.28683678923982414
f003_var_188_r1,0.221940622737147,0.0647256527498002,0.2866662754869472
f003_var_127_r2,0.21795800144822594,0.06835875192214368,0.2863167533703696
f001_var_14,0.22954380883417813,0.05586285720546463,0.28540666603964276
f003_var_168_r1,0.22302679217958002,0.060491922710308316,0.28351871488988833
f003_var_60_r1,0.22411296162201305,0.05937702455117539,0.28348998617318844
f003_var_0_r3,0.20528602461984072,0.07736935594420119,0.28265538056404194
f003_var_67_r2,0.221940622737147,0.06048763964303545,0.2824282623801824
f003_var_83_r1,0.22121650977552498,0.061100179898320055,0.28231668967384504
f003_var_172_r2,0.221940622737147,0.060130521176108974,0.28207114391325594
f003_var_81,0.2172338884866039,0.0646894733462142,0.2819233618328181
f003_var_106_r2,0.21904417089065895,0.06218598048890662,0.2812301513795656
f003_var_35_r2,0.22121650977552498,0.0595058117192341,0.28072232149475906
f003_var_106_r1,0.21868211440984794,0.0616139994883464,0.28029611389819437
f003_var_114_r3,0.22049239681390298,0.05938676639749874,0.2798791632114017
f003_var_198_r3,0.20238957277335265,0.07742149640376435,0.279811069177117
f003_var_186_r2,0.22338884866039105,0.05634286080891429,0.27973170946930537
f003_var_171_r2,0.22085445329471398,0.05769697977768402,0.278551433072398
f001_var_79,0.22230267921795802,0.056013987887862604,0.2783166671058206
f003_var_169_r3,0.21542360608254887,0.06208789092886282,0.2775114970114117
f003_var_145_r2,0.2168718320057929,0.060582784725130234,0.27745461673092314
f003_var_172_r1,0.2161477190441709,0.061023620435271805,0.2771713394794427
f003_var_144_r3,0.21868211440984794,0.05774703149359051,0.2764291459034385
f003_var_137_r2,0.21868211440984794,0.05741635128153254,0.27609846569138047
f003_var_88_r2,0.21868211440984794,0.05740829635343481,0.2760904107632828
f003_var_69_r2,0.21904417089065895,0.05650121718966741,0.27554538808032636
f003_var_162_r2,0.2161477190441709,0.05929690187405169,0.2754446209182226
f003_var_94_r3,0.20673425054308472,0.06811178380622186,0.2748460343493066
f003_var_91,0.20782041998551776,0.06676376670622754,0.2745841866917453
f001_var_129,0.22013034033309195,0.05396502719374177,0.2740953675268337
f003_var_195_r2,0.21397538015930487,0.059758941572821536,0.2737343217321264
f003_var_50_r3,0.2172338884866039,0.0564406270599578,0.2736745155465617
f003_var_130_r1,0.20311368573497468,0.0701411133132527,0.27325479904822736
f003_var_54_r1,0.21832005792903691,0.054418076953479305,0.2727381348825162
f003_var_155_r2,0.2099927588703838,0.06187503454861581,0.2718677934189996
f003_var_92_r2,0.20673425054308472,0.06501836517193674,0.27175261571502146
f003_var_82_r2,0.2168718320057929,0.054314904543435474,0.27118673654922837
f003_var_36_r1,0.21180304127443883,0.059084526247075025,0.2708875675215139
f003_var_45_r1,0.2161477190441709,0.054388384586524556,0.27053610363069547
f003_var_60_r2,0.21397538015930487,0.0565120134895649,0.27048739364886976
f003_var_32_r2,0.21180304127443883,0.05810398558490692,0.26990702685934576
f003_var_168_r2,0.21216509775524983,0.0575452631734647,0.26971036092871453
f003_var_19_r1,0.21433743664011587,0.05502335569103238,0.26936079233114824
f003_var_4_r2,0.2157856625633599,0.05313699142143941,0.2689226539847993
f003_var_48_r1,0.21397538015930487,0.05492842531949154,0.2689038054787964
f003_var_68,0.21325126719768284,0.05516026426544714,0.26841153146312996
f003_var_146_r3,0.19297610427226647,0.07530179204778939,0.26827789632005583
f003_var_166_r1,0.17342505430847213,0.09430733857388367,0.2677323928823558
f003_var_37_r2,0.21469949312092687,0.05298575751126565,0.2676852506321925
f003_var_148,0.19804489500362057,0.06963698198805561,0.26768187699167617
f003_var_2_r3,0.19732078204199857,0.06997025004496833,0.2672910320869669
f003_var_3_r1,0.2114409847936278,0.05538944857078958,0.26683043336441736
f003_var_88_r1,0.20963070238957277,0.05628176749522373,0.2659124698847965
f003_var_197_r2,0.20275162925416365,0.06206528294589211,0.26481691220005577
f003_var_111_r2,0.20709630702389575,0.05762066377012745,0.26471697079402323
f003_var_58_r1,0.20601013758146272,0.05605613064074805,0.2620662682222108
f003_var_152_r2,0.2056480811006517,0.05403954632966121,0.25968762743031293
f003_var_5_r2,0.1994931209268646,0.05992752897810033,0.25942064990496494
f001_var_73,0.20745836350470673,0.05167155763654553,0.2591299211412523
f003_var_178_r1,0.20673425054308472,0.05206170094690146,0.2587959514899862
f003_var_134_r1,0.2056480811006517,0.05245522894684551,0.2581033100474972
f003_var_90_r1,0.20419985517740769,0.053896846227157805,0.2580967014045655
f003_var_138_r2,0.20528602461984072,0.05278993975547085,0.25807596437531155
f003_var_150_r2,0.20637219406227372,0.05163568531815239,0.25800787938042613
f003_var_58_r2,0.20347574221578568,0.054491245001303715,0.2579669872170894
f003_var_52_r1,0.2049239681390297,0.05249008577026713,0.25741405390929684
f003_var_175_r3,0.20311368573497468,0.05422635351338967,0.25734003924836435
f003_var_66_r2,0.20383779869659666,0.053364653752089,0.25720245244868567
f003_var_24_r1,0.20275162925416365,0.0538147865356459,0.25656641578980954
f003_var_105_r2,0.20275162925416365,0.053052178114251024,0.2558038073684147
f003_var_8_r2,0.2049239681390297,0.04989590964174474,0.2548198777807744
f001_var_46,0.20275162925416365,0.05172795778464252,0.2544795870388062
f001_var_136,0.2045619116582187,0.04979299069515318,0.2543549023533719
f003_var_43_r2,0.19695872556118754,0.05724504751093995,0.2542037730721275
f003_var_181_r3,0.20311368573497468,0.05069464736878886,0.25380833310376355
f003_var_118_r2,0.20130340333091964,0.052070880831480676,0.2533742841624003
f003_var_101_r1,0.20202751629254165,0.05048895670173912,0.25251647299428076
f003_var_170_r3,0.19623461259956554,0.055022612794483346,0.2512572253940489
f003_var_197_r3,0.19695872556118754,0.05415454253250001,0.25111326809368756
f003_var_121_r3,0.19659666908037654,0.05446086564464679,0.25105753472502335
f003_var_111_r3,0.1951484431571325,0.05552123799287005,0.25066968115000254
f003_var_143_r2,0.1998551774076756,0.050470191476021845,0.25032536888369744
f003_var_78_r3,0.1882693700217234,0.062053881522125556,0.25032325154384893
f003_var_167_r2,0.19768283852280957,0.05253483739009075,0.25021767591290034
f003_var_56_r3,0.19659666908037654,0.053578881956317215,0.25017555103669376
f003_var_102_r1,0.19876900796524258,0.051235312034151374,0.25000431999939393
f003_var_179_r3,0.17994207096307024,0.069946385495021,0.24988845645809124
f003_var_3_r2,0.19659666908037654,0.0528197035644177,0.24941637264479424
f003_var_97_r2,0.19876900796524258,0.05009416640192949,0.24886317436717206
f003_var_95_r3,0.1940622737146995,0.054304704298531216,0.2483669780132307
f003_var_28_r3,0.1951484431571325,0.05237704621316013,0.24752548937029265
f003_var_149_r2,0.19442433019551053,0.05265159803036733,0.24707592822587787
f003_var_63_r2,0.19804489500362057,0.049026247894907955,0.24707114289852852
f003_var_27_r2,0.19732078204199857,0.049353629276557114,0.2466744113185557
f003_var_28_r2,0.19587255611875454,0.04987722357193023,0.24574977969068476
f003_var_52_r2,0.1940622737146995,0.05167762982129841,0.2457399035359979
f003_var_20_r2,0.19768283852280957,0.0478170011496107,0.24549983967242028
f003_var_114_r1,0.18971759594496743,0.05569843535665069,0.24541603130161813
f003_var_64_r2,0.19659666908037654,0.0488009605856724,0.24539762966604894
f003_var_62_r2,0.19587255611875454,0.04860261035972165,0.2444751664784762
f003_var_54_r2,0.19587255611875454,0.04799141080893757,0.2438639669276921
f003_var_66_r3,0.19333816075307747,0.04995400473053441,0.24329216548361188
f003_var_152_r1,0.19080376538740046,0.05196786841912314,0.2427716338065236
f003_var_85_r2,0.1926140477914555,0.05014542914367291,0.2427594769351284
f003_var_162_r1,0.1879073135409124,0.05476790501016604,0.24267521855107843
f003_var_41_r2,0.19587255611875454,0.04654893614869865,0.2424214922674532
f003_var_72_r2,0.19333816075307747,0.048656495696928294,0.24199465645000576
f003_var_187_r1,0.19225199131064447,0.049480342909660684,0.24173233422030516
f003_var_71_r3,0.19225199131064447,0.04945597367766858,0.24170796498831304
f003_var_113_r1,0.19225199131064447,0.04913779007687133,0.2413897813875158
f003_var_82_r1,0.19188993482983346,0.049213361023512044,0.2411032958533455
f001_var_29,0.1926140477914555,0.04828785020141086,0.24090189799286635
f003_var_182_r1,0.1937002172338885,0.04717421983355352,0.24087443706744202
f003_var_187_r2,0.19225199131064447,0.048524468140836524,0.240776459451481
f003_var_74_r1,0.1940622737146995,0.046705455567838464,0.24076772928253798
f003_var_107_r2,0.18863142650253442,0.05153629491104896,0.2401677214135834
f003_var_83_r2,0.18754525706010136,0.05251151633769215,0.24005677339779352
f003_var_132_r1,0.18537291817523535,0.054388291008962766,0.23976120918419813
f003_var_25_r3,0.19225199131064447,0.047292246619471415,0.23954423793011587
f003_var_134_r2,0.19116582186821143,0.048145609731714056,0.2393114315999255
f003_var_41_r1,0.19116582186821143,0.04783525925613463,0.23900108112434607
f003_var_20_r1,0.19007965242577843,0.04832370701596159,0.23840335944174001
f001_var_183,0.19116582186821143,0.047096429780402224,0.23826225164861364
f003_var_23_r3,0.19007965242577843,0.04731134980838327,0.2373910022341617
f003_var_32_r1,0.18573497465604635,0.051476225883952155,0.2372112005399985
f003_var_196_r1,0.18899348298334542,0.04815310640968844,0.23714658939303385
f003_var_59_r2,0.19044170890658943,0.04652973040725766,0.2369714393138471
f001_var_161,0.19044170890658943,0.046308229979731504,0.23674993888632093
f003_var_69_r3,0.1879073135409124,0.04870789557635151,0.2366152091172639
f003_var_105_r3,0.18754525706010136,0.048527156825508656,0.23607241388561
f003_var_132_r3,0.18320057929036931,0.05255651460589569,0.235757093896265
f003_var_97_r1,0.1882693700217234,0.04743623099195227,0.23570560101367566
f003_var_129_r2,0.1893555394641564,0.04576113707338823,0.23511667653754464
f003_var_36_r3,0.18682114409847939,0.048294766878269786,0.23511591097674917
f003_var_139_r3,0.1708906589427951,0.06397700957434377,0.23486766851713886
f003_var_31_r2,0.18863142650253442,0.045461003370605074,0.2340924298731395
f003_var_100_r1,0.1871832005792904,0.04678056422540422,0.2339637648046946
f003_var_159_r2,0.1882693700217234,0.04543028224969615,0.23369965227141953
f003_var_19_r2,0.18645908761766836,0.04721903604452225,0.2336781236621906
f003_var_85_r1,0.18537291817523535,0.04809262606793255,0.2334655442431679
f003_var_27_r3,0.18754525706010136,0.04584088043181264,0.233386137491914
f003_var_106_r3,0.18320057929036931,0.050075739228843445,0.23327631851921277
f003_var_70_r1,0.18464880521361332,0.04746338741413743,0.23211219262775074
f003_var_193_r2,0.18537291817523535,0.04666311800852446,0.23203603618375981
f001_var_98,0.18609703113685735,0.04568708903605331,0.23178412017291067
f003_var_42_r3,0.1871832005792904,0.04454277025874001,0.2317259708380304
f003_var_15_r3,0.18501086169442435,0.046431796015321325,0.23144265770974567
f003_var_177_r1,0.17994207096307024,0.050385568481070606,0.23032763944414086
f003_var_183_r2,0.18501086169442435,0.04504912831044985,0.2300599900048742
f003_var_150_r1,0.18175235336712528,0.04751526023454005,0.22926761360166534
f003_var_193_r1,0.18283852280955828,0.04637047665051022,0.2292089994600685
f001_var_100,0.18464880521361332,0.04441733619124637,0.2290661414048597
f003_var_38_r2,0.18392469225199132,0.044932003519928994,0.2288566957719203
f003_var_11_r1,0.18247646632874728,0.046117809184378064,0.22859427551312533
f001_var_126,0.18320057929036931,0.044689532707819786,0.2278901119981891
f003_var_102_r2,0.18175235336712528,0.04604383804914245,0.22779619141626772
f003_var_93_r1,0.16908037653874006,0.058485984016259276,0.22756636055499935
f003_var_196_r2,0.18066618392469225,0.04654348213662136,0.2272096660613136
f003_var_156_r3,0.17994207096307024,0.047058336665145896,0.22700040762821613
f003_var_79_r2,0.18247646632874728,0.04426346540257716,0.22673993173132445
f003_var_194_r2,0.18030412744388125,0.046042263360490956,0.2263463908043722
f001_var_124,0.18102824040550328,0.04492181330981632,0.2259500537153196
f003_var_71_r2,0.17921795800144824,0.04659561217681535,0.2258135701782636
f003_var_16_r2,0.17994207096307024,0.04580186601178759,0.22574393697485784
f003_var_91_r1,0.15025343953656772,0.07534540072095036,0.22559884025751809
f003_var_166,0.17125271542360607,0.05378675367905687,0.22503946910266293
f001_var_158,0.18139029688631428,0.04351037912191506,0.22490067600822933
f003_var_53_r3,0.17414916727009414,0.05057038331595853,0.22471955058605267
f003_var_38_r1,0.17994207096307024,0.04420975129182761,0.22415182225489785
f003_var_107_r1,0.1763215061549602,0.04748002036291104,0.22380152651787125
f003_var_90_r2,0.1777697320782042,0.04577996702440558,0.2235496991026098
f003_var_39_r1,0.17958001448225924,0.04385225939560493,0.22343227387786418
f003_var_104_r2,0.1784938450398262,0.0447833631696116,0.2232772082094378
f001_var_27,0.1788559015206372,0.04438463669597271,0.2232405382166099
f003_var_142_r2,0.17921795800144824,0.04399741274528401,0.22321537074673226
f003_var_162_r3,0.1763215061549602,0.04659297350958701,0.2229144796645472
f003_var_133_r1,0.15713251267197684,0.06559962723004505,0.2227321399020219
f003_var_46_r2,0.1777697320782042,0.04459069826126161,0.22236043033946581
f003_var_70_r2,0.17668356263577117,0.04556949174726445,0.2222530543830356
f003_var_103_r3,0.1784938450398262,0.043637721096640755,0.22213156613646695
f001_var_39,0.1784938450398262,0.04331460475630863,0.22180844979613484
f003_var_29_r2,0.17813178855901524,0.043518048734586444,0.2216498372936017
f003_var_34_r1,0.15821868211440987,0.0632932820603889,0.22151196417479876
f003_var_15_r2,0.1763215061549602,0.044781281732928856,0.22110278788788906
f001_var_185,0.17813178855901524,0.04290698599056656,0.2210387745495818
f003_var_128_r2,0.17523533671252717,0.045588210184200825,0.220823546896728
f003_var_116_r1,0.17523533671252717,0.04548074832110766,0.22071608503363482
f003_var_113_r2,0.17668356263577117,0.04365082215205203,0.2203343847878232
f001_var_38,0.17668356263577117,0.04353956499126115,0.22022312762703233
f003_var_120_r1,0.1777697320782042,0.04233922530405718,0.22010895738226138
f003_var_159_r1,0.17704561911658218,0.04246603355665945,0.21951165267324163
f001_var_96,0.17559739319333817,0.04384602698510232,0.21944342017844048
f003_var_136_r1,0.17595944967414917,0.04302411197953846,0.21898356165368763
f003_var_65_r2,0.17595944967414917,0.04285347104628204,0.2188129207204312
f003_var_64_r3,0.17559739319333817,0.04210820841055338,0.21770560160389155
f003_var_143_r1,0.17342505430847213,0.04410489931077856,0.2175299536192507
f003_var_192_r2,0.17451122375090516,0.04291081052510356,0.21742203427600873
f003_var_189_r3,0.17451122375090516,0.042656505402449925,0.21716772915335508
f003_var_138_r1,0.17378711078928313,0.04337890749953754,0.21716601828882068
f003_var_140_r2,0.17523533671252717,0.04166186942663039,0.21689720613915756
f003_var_142_r1,0.17378711078928313,0.04303979203452029,0.21682690282380343
f001_var_10,0.1730629978276611,0.04288768125170309,0.2159506790793642
f003_var_80_r3,0.16835626357711803,0.04757525385312952,0.21593151743024755
f003_var_57_r2,0.1719768283852281,0.043929690570802184,0.21590651895603027
f003_var_11_r2,0.17270094134685013,0.04315303264967735,0.21585397399652748
f001_var_41,0.17270094134685013,0.04278835741229464,0.21548929875914477
f003_var_169,0.16799420709630702,0.047345026707561313,0.21533923380386832
f003_var_61_r1,0.17378711078928313,0.041073593883202544,0.2148607046724857
f001_var_7,0.17233888486603913,0.04216848448348365,0.21450736934952278
f003_var_128_r1,0.1708906589427951,0.04356546030308812,0.2144561192458832
f003_var_160_r1,0.1716147719044171,0.04266213484897845,0.21427690675339556
f003_var_25_r2,0.17125271542360607,0.04269373929985657,0.21394645472346263
f003_var_57_r3,0.1716147719044171,0.04232451189375132,0.2139392837981684
f003_var_101_r2,0.1716147719044171,0.04230124073805703,0.21391601264247412
f003_var_73_r2,0.17233888486603913,0.041162668336742085,0.21350155320278122
f003_var_167_r1,0.16871832005792906,0.04462858651293862,0.2133469065708677
f001_var_30,0.1716147719044171,0.041647965561061505,0.2132627374654786
f003_var_46_r1,0.16980448950036206,0.04242589769054121,0.21223038719090326
f003_var_111_r1,0.16292541636495295,0.04915392620955312,0.21207934257450606
f003_var_117_r1,0.16980448950036206,0.04215339207645043,0.2119578815768125
f003_var_189_r2,0.16980448950036206,0.041189900395498025,0.21099438989586008
f003_var_195_r1,0.16220130340333092,0.04791651495245339,0.2101178183557843
f003_var_108_r1,0.14083997103548154,0.06915469822416957,0.2099946692596511
f003_var_23_r2,0.16763215061549602,0.042359811312298656,0.20999196192779468
f003_var_37_r1,0.16763215061549602,0.04222838180563732,0.20986053242113334
f003_var_100_r2,0.16727009413468502,0.04242792978949868,0.20969802392418369
f003_var_14_r2,0.16908037653874006,0.040380698701714186,0.20946107524045424
f003_var_176_r1,0.16690803765387402,0.04189301417429021,0.20880105182816422
f003_var_30_r1,0.16871832005792906,0.03986562931059341,0.20858394936852248
f003_var_129_r1,0.16727009413468502,0.04125110554076965,0.20852119967545468
f003_var_98_r2,0.16763215061549602,0.04069171386596832,0.20832386448146434
f003_var_48_r2,0.16654598117306302,0.04167424555778646,0.20822022673084947
f003_var_1_r3,0.1611151339608979,0.04675671369017916,0.20787184765107708
f003_var_183_r1,0.16690803765387402,0.04063858518066674,0.20754662283454076
f003_var_181_r1,0.16509775524981898,0.04239802684843483,0.2074957820982538
f003_var_16_r1,0.16545981173062999,0.04183059057099646,0.20729040230162643
f003_var_124_r1,0.16727009413468502,0.039995431937849,0.207265526072534
f001_var_117,0.166183924692252,0.04049749300594399,0.20668141769819598
f003_var_10_r2,0.16690803765387402,0.039725140551499796,0.2066331782053738
f003_var_115_r3,0.1600289645184649,0.04632880884645687,0.20635777336492178
f003_var_10_r1,0.16690803765387402,0.039390011729410666,0.2062980493832847
f003_var_161_r3,0.165821868211441,0.04018479120071783,0.20600665941215882
f003_var_42_r2,0.16545981173062999,0.040203642647832834,0.2056634543784628
f003_var_17_r2,0.165821868211441,0.03918625948090445,0.20500812769234544
f003_var_88_r3,0.16220130340333092,0.04235433452070785,0.20455563792403877
f003_var_124_r2,0.16437364228819695,0.03997449628598708,0.20434813857418405
f001_var_103,0.16401158580738595,0.0394536519528035,0.20346523776018946
f003_var_168_r3,0.1607530774800869,0.042186366115393614,0.20293944359548052
f003_var_30_r2,0.16401158580738595,0.03889116805518727,0.20290275386257323
f003_var_192_r1,0.16183924692251994,0.03990282509457375,0.20174207201709368
f003_var_26_r3,0.14337436640115858,0.0578476425678012,0.20122200896895978
f003_var_84_r1,0.16183924692251994,0.03910565624727101,0.20094490316979097
f003_var_169_r1,0.15061549601737872,0.05012916087281979,0.20074465689019852
f003_var_153_r2,0.1611151339608979,0.03909140881977357,0.2002065427806715
f003_var_76_r3,0.1542360608254888,0.04595986935032776,0.20019593017581655
f003_var_84_r2,0.1611151339608979,0.03878399518872548,0.19989912914962338
f003_var_47_r1,0.1611151339608979,0.038701924505449896,0.1998170584663478
f003_var_156_r2,0.1600289645184649,0.03973676132758217,0.19976572584604707
f003_var_98_r3,0.1600289645184649,0.03933500051899692,0.19936396503746182
f003_var_77_r1,0.15966690803765388,0.03958423080070209,0.19925113883835596
f003_var_73_r1,0.16039102099927588,0.0387724315850185,0.19916345258429438
f003_var_182_r2,0.15966690803765388,0.03921364635896492,0.19888055439661878
f003_var_116_r3,0.15894279507603187,0.03904691620847422,0.1979897112845061
f003_var_89_r3,0.1545981173062998,0.043166846228952976,0.19776496353525277
f003_var_158_r2,0.15966690803765388,0.03766703556411267,0.19733394360176654
f003_var_8_r1,0.15821868211440987,0.039020755327945064,0.19723943744235495
f003_var_199_r1,0.15858073859522084,0.03841107830636103,0.19699181690158188
f003_var_17_r1,0.15821868211440987,0.038736243510549745,0.19695492562495961
f003_var_127_r3,0.1545981173062998,0.04232597331983543,0.19692409062613522
f003_var_126_r3,0.15749456915278784,0.03895528220783444,0.19644985136062226
f003_var_112_r2,0.15785662563359884,0.03853388735913021,0.19639051299272905
f003_var_77_r2,0.15749456915278784,0.038640379912335376,0.19613494906512322
f003_var_185_r2,0.15858073859522084,0.03731879662220828,0.19589953521742912
f003_var_195_r3,0.15387400434467777,0.04194182776505631,0.19581583210973408
f003_var_126_r2,0.15821868211440987,0.03752079147194068,0.19573947358635055
f003_var_153_r1,0.1553222302679218,0.039384025757111855,0.19470625602503366
f003_var_197_r1,0.14808110065170166,0.04640978517399909,0.19449088582570073
f003_var_194_r1,0.1542360608254888,0.04018475611919378,0.19442081694468258
f003_var_178_r2,0.15387400434467777,0.04054413029457785,0.1944181346392556
f003_var_176_r2,0.15640839971035483,0.037742086530570484,0.19415048624092532
f003_var_7_r2,0.1553222302679218,0.03772112698570882,0.19304335725363062
f003_var_3_r3,0.15314989138305576,0.03861851175823677,0.19176840314129254
f003_var_13_r3,0.1393917451122375,0.05233051589522567,0.19172226100746317
f003_var_75_r3,0.15170166545981173,0.03996280432280702,0.19166446978261875
f003_var_31_r1,0.15496017378711077,0.036661102362689976,0.19162127614980073
f003_var_44_r3,0.1404779145546705,0.0509969794108936,0.1914748939655641
f003_var_59_r3,0.15278783490224476,0.0378319363416894,0.19061977124393417
f003_var_45_r2,0.15314989138305576,0.03731933794197471,0.19046922932503046
f003_var_27_r1,0.15206372194062273,0.03809497560115482,0.19015869754177755
f003_var_43,0.1495293265749457,0.040588524516623904,0.1901178510915696
f003_var_125,0.1495293265749457,0.040534522768679984,0.1900638493436257
f003_var_62_r1,0.15170166545981173,0.03831876060728762,0.19002042606709935
f003_var_79_r3,0.15170166545981173,0.037932697656048404,0.18963436311586013
f003_var_161_r2,0.15278783490224476,0.03684214708076762,0.1896299819830124
f003_var_96_r1,0.15097755249818973,0.03726927827067863,0.18824683076886836
f003_var_131_r1,0.14446053584359161,0.04269555730984478,0.1871560931534364
f003_var_109_r3,0.13540912382331644,0.05064055533902352,0.18604967916233994
f003_var_4_r3,0.1488052136133237,0.037076079461331915,0.18588129307465562
f003_var_95_r1,0.14083997103548154,0.043858558329084175,0.1846985293645657
f003_var_192_r3,0.14771904417089066,0.036702473536694286,0.18442151770758494
f003_var_144_r1,0.14482259232440262,0.03904132644945696,0.18386391877385957
f003_var_65_r1,0.14699493120926865,0.03576026506287858,0.18275519627214723
f003_var_4_r1,0.14518464880521362,0.037383649950840044,0.18256829875605365
f003_var_133,0.14011585807385954,0.04230475051820886,0.1824206085920684
f003_var_177_r3,0.14446053584359161,0.037763988294960325,0.18222452413855195
f003_var_26,0.1332367849384504,0.048441883407027604,0.181678668345478
f001_var_17,0.14590876176683562,0.0355760473785828,0.18148480914541842
f003_var_185_r1,0.14554670528602465,0.03567250276566243,0.18121920805168706
f003_var_32_r3,0.1437364228819696,0.03713462391560133,0.18087104679757093
f003_var_96_r2,0.14554670528602465,0.03518740532044906,0.1807341106064737
f003_var_174_r3,0.13685734974656047,0.04381491013386973,0.1806722598804302
f003_var_71,0.14482259232440262,0.03572106643913923,0.18054365876354184
f003_var_72_r1,0.1437364228819696,0.03656266755036502,0.18029909043233464
f003_var_63_r3,0.14337436640115858,0.03612291688560206,0.17949728328676065
f003_var_158_r1,0.1437364228819696,0.03518391482283792,0.17892033770480753
f003_var_194_r3,0.14265025343953658,0.036030269250272966,0.17868052268980955
f003_var_86_r3,0.1383055756698045,0.03992027296769854,0.17822584863750304
f003_var_140_r1,0.14337436640115858,0.034800512088586685,0.17817487848974528
f003_var_190_r3,0.1383055756698045,0.039673117007990984,0.17797869267779548
f003_var_148_r1,0.11911658218682114,0.05826199226837762,0.17737857445519875
f003_var_29_r1,0.14265025343953658,0.0338093141244831,0.17645956756401968
f003_var_105_r1,0.1393917451122375,0.036789240395106566,0.17618098550734407
f003_var_66_r1,0.1404779145546705,0.03567406721828989,0.1761519817729604
f003_var_68_r3,0.1390296886314265,0.03641318200139207,0.17544287063281858
f003_var_136_r2,0.1404779145546705,0.033908669177280706,0.1743865837319512
f003_var_153_r3,0.1404779145546705,0.033627419941621925,0.17410533449629245
f003_var_28_r1,0.13758146270818247,0.03648943473699404,0.1740708974451765
f003_var_2,0.13540912382331644,0.0382145253768715,0.17362364920018794
f003_var_92_r3,0.13396089790007243,0.03940473578267729,0.1733656336827497
f003_var_160_r2,0.14011585807385954,0.033104848296151956,0.1732207063700115
f003_var_119_r3,0.13613323678493847,0.03672591345486609,0.17285915023980455
f003_var_123_r3,0.1332367849384504,0.03943170569368271,0.1726684906321331
f003_var_16_r3,0.1383055756698045,0.03400149485861107,0.17230707052841557
f003_var_5_r3,0.13613323678493847,0.03536235450633762,0.1714955912912761
f003_var_25,0.13758146270818247,0.033494000804994054,0.17107546351317654
f003_var_14_r3,0.1383055756698045,0.032499626104917745,0.17080520177472225
f003_var_31_r3,0.13758146270818247,0.03270414823748066,0.17028561094566314
f003_var_7_r1,0.13649529326574947,0.033510925165188464,0.17000621843093794
f003_var_79_r1,0.13504706734250543,0.03457567270042906,0.16962274004293448
f003_var_64_r1,0.13540912382331644,0.03420447137390399,0.1696135951972204
f003_var_122_r3,0.1325126719768284,0.03699047516303858,0.16950314713986697
f003_var_131,0.1332367849384504,0.03547412541357724,0.16871091035202762
f003_var_155_r3,0.1321506154960174,0.03584965821943118,0.16800027371544857
f003_var_165_r3,0.12816799420709632,0.039720927428155244,0.16788892163525157
f003_var_112_r1,0.13432295438088343,0.032828308986514045,0.16715126336739747
f003_var_189_r1,0.13468501086169443,0.032157473384847673,0.1668424842465421
f003_var_145_r3,0.13034033309196236,0.03533834172409466,0.16567867481605703
f003_var_152_r3,0.13142650253439536,0.032773355766821,0.16419985830121636
f003_var_104_r1,0.1321506154960174,0.03186267066062095,0.16401328615663835
f003_var_103_r2,0.1325126719768284,0.03142563225602977,0.16393830423285816
f003_var_193_r3,0.13034033309196236,0.03327797813497447,0.16361831122693682
f003_var_161,0.1310644460535844,0.0325113082658415,0.1635757543194259
f003_var_29_r3,0.13034033309196236,0.031558330931291026,0.16189866402325337
f003_var_154_r3,0.12563359884141928,0.03612306506870753,0.1617566639101268
f003_var_99,0.12853005068790732,0.03305612775974327,0.1615861784476506
f003_var_120_r2,0.13034033309196236,0.030959610998805086,0.16129994409076745
f003_var_7_r3,0.12997827661115133,0.031313893215066814,0.16129216982621813
f003_var_164_r3,0.12563359884141928,0.03558503747860108,0.16121863632002037
f003_var_61_r2,0.12853005068790732,0.03130964243442283,0.15983969312233015
f003_var_150_r3,0.1278059377262853,0.032005341105932825,0.15981127883221813
f003_var_117_r2,0.12853005068790732,0.0309597273022184,0.15948977799012573
f003_var_38_r3,0.12889210716871832,0.03056236465245279,0.15945447182117112
f003_var_47_r2,0.12853005068790732,0.03082332289558769,0.15935337358349502
f003_var_199_r2,0.1278059377262853,0.03119781099198997,0.15900374871827527
f003_var_62_r3,0.1270818247646633,0.03183929281148086,0.15892111757614413
f003_var_163_r3,0.12418537291817523,0.0336322690444781,0.15781764196265333
f003_var_179,0.12056480811006516,0.03717660363889821,0.15774141174896336
f003_var_151_r3,0.12563359884141928,0.03197075527107409,0.15760435411249338
f003_var_8_r3,0.12635771180304128,0.03056677007352802,0.1569244818765693
f003_var_74_r2,0.12563359884141928,0.030612827969215627,0.15624642681063491
f003_var_93,0.1223750905141202,0.03362297329472513,0.15599806380884532
f003_var_141_r3,0.12201303403330921,0.03355433915713216,0.15556737319044137
f003_var_6,0.12128892107168719,0.03364570257614578,0.15493462364783298
f003_var_112_r3,0.12454742939898625,0.030290483073609663,0.1548379124725959
f003_var_180_r3,0.1223750905141202,0.032280484984787056,0.15465557549890724
f003_var_188_r3,0.12346125995655323,0.031019161543782797,0.15448042150033603
f003_var_126,0.12346125995655323,0.030156408782253463,0.1536176687388067
f003_var_24_r3,0.1216509775524982,0.030958801373575127,0.15260977892607333
f003_var_50_r1,0.12020275162925417,0.03231153504473307,0.15251428667398725
f003_var_104_r3,0.1223750905141202,0.02976415976658114,0.15213925028070133
f003_var_186_r3,0.1223750905141202,0.02939066665732767,0.15176575717144786
f003_var_14_r1,0.12201303403330921,0.02964797651139814,0.15166101054470735
f003_var_60_r3,0.12020275162925417,0.03107234889057991,0.1512751005198341
f003_var_125_r1,0.11404779145546706,0.03655696086634976,0.15060475232181683
f003_var_40_r3,0.11766835626357712,0.032862128818866486,0.1505304850824436
f003_var_124_r3,0.12092686459087618,0.029509155222531655,0.15043601981340782
f003_var_72_r3,0.12092686459087618,0.02950558239848869,0.15043244698936487
f003_var_33_r3,0.1162201303403331,0.03320053035139221,0.14942066069172533
f003_var_35_r3,0.11984069514844317,0.029137757054894343,0.14897845220333752
f003_var_34,0.1173062997827661,0.031272727758761776,0.14857902754152788
f003_var_65_r3,0.11984069514844317,0.028696784810770332,0.14853747995921351
f003_var_183_r3,0.11911658218682114,0.029081158129381748,0.1481977403162029
f003_var_37_r3,0.11911658218682114,0.028949724302930458,0.1480663064897516
f003_var_156_r1,0.11766835626357712,0.029703743385442006,0.14737209964901912
f003_var_46_r3,0.11766835626357712,0.029456370497151715,0.14712472676072882
f003_var_55_r3,0.11766835626357712,0.02893844632856516,0.1466068025921423
f003_var_157_r3,0.11368573497465605,0.03169535688683067,0.14538109186148673
f003_var_134_r3,0.1169442433019551,0.02828662595039834,0.14523086925235346
f003_var_53,0.1169442433019551,0.028223106614046877,0.14516734991600197
f003_var_138_r3,0.11585807385952208,0.02868240923397592,0.144540483093498
f003_var_128_r3,0.1162201303403331,0.028260572331237684,0.1444807026715708
f003_var_52_r3,0.11513396089790008,0.028503378678336556,0.14363733957623664
f003_var_58_r3,0.11368573497465605,0.02903266483807283,0.14271839981272888
f003_var_42,0.11404779145546706,0.027710116079361642,0.1417579075348287
f003_var_113_r3,0.11259956553222304,0.02716402709041619,0.13976359262263924
f003_var_143_r3,0.11187545257060101,0.026626768655457784,0.1385022212260588
f003_var_159_r3,0.11151339608979001,0.02628438482215305,0.13779778091194306
f003_var_103,0.11042722664735699,0.026123579241232445,0.13655080588858942
f003_var_85_r3,0.10934105720492397,0.026867256634785487,0.13620831383970947
f003_var_39_r3,0.10970311368573499,0.025541785699152754,0.13524489938488773
f003_var_178_r3,0.10825488776249095,0.02666959524987548,0.13492448301236643
f003_var_135_r3,0.10753077480086894,0.027180311768421863,0.1347110865692908
f003_var_43_r1,0.10246198406951484,0.030685694280158562,0.1331476783496734
f003_var_21_r3,0.10318609703113686,0.029455996647503275,0.13264209367864013
f003_var_51_r3,0.10427226647356988,0.02803267013150588,0.13230493660507575
f003_var_87_r3,0.1057204923968139,0.026329220507951258,0.13204971290476517
f003_var_95,0.10427226647356988,0.027391681103457778,0.13166394757702765
f003_var_101_r3,0.10644460535843592,0.024829861896555405,0.1312744672549913
f003_var_15,0.10463432295438088,0.026550326247090666,0.13118464920147155
f003_var_23,0.10644460535843592,0.024693218931089334,0.13113782428952525
f003_var_195,0.1049963794351919,0.0258863790781907,0.1308827585133826
f003_var_19_r3,0.10535843591600291,0.02524008615747414,0.13059852207347705
f003_var_171_r3,0.10427226647356988,0.025855840801559067,0.13012810727512894
f003_var_59_r1,0.10427226647356988,0.02538329991698964,0.12965556639055953
f003_var_140_r3,0.1049963794351919,0.02455023178614524,0.12954661122133715
f003_var_126_r1,0.10427226647356988,0.024837518616934392,0.12910978509050428
f003_var_185_r3,0.10391020999275888,0.02427513381512095,0.12818534380787983
f003_var_147_r3,0.1002896451846488,0.026708565528444334,0.12699821071309314
f003_var_197,0.10101375814627082,0.024487101436594407,0.12550085958286522
f003_var_129_r3,0.10101375814627082,0.024256495531305933,0.12527025367757677
f003_var_77_r3,0.10065170166545982,0.024156023088367014,0.12480772475382684
f003_var_98,0.1002896451846488,0.02381975884123707,0.12410940402588588
f003_var_107_r3,0.09811730629978277,0.024885314449981828,0.12300262074976459
f003_var_54_r3,0.09884141926140479,0.023840906135975996,0.12268232539738078
f003_var_57_r1,0.09847936278059377,0.02385898169336358,0.12233834447395735
f003_var_172_r3,0.09739319333816075,0.023984985458871146,0.1213781787970319
f003_var_173_r3,0.09703113685734975,0.024143608723045145,0.1211747455803949
f003_var_105,0.09630702389572775,0.024030307402765214,0.12033733129849296
f003_var_184_r3,0.09594496741491673,0.024373897615673157,0.12031886503058989
f003_var_84_r3,0.09666908037653874,0.023301033982141405,0.11997011435868014
f003_var_142_r3,0.09558291093410572,0.02308458581728265,0.11866749675138837
f003_var_130,0.09449674149167271,0.02370850184143216,0.11820524333310486
f003_var_83_r3,0.09485879797248371,0.0231434562636517,0.11800225423613542
f003_var_167_r3,0.09449674149167271,0.023497434516059484,0.1179941760077322
f003_var_181,0.09449674149167271,0.023235460487283956,0.11773220197895667
f003_var_71_r1,0.09160028964518466,0.025261568428223705,0.11686185807340836
f003_var_67_r3,0.09268645908761768,0.023723278532636272,0.11640973762025394
f003_var_139,0.07820419985517742,0.03718778056327001,0.11539198041844742
f003_var_165,0.08653149891383055,0.02877314394020534,0.1153046428540359
f003_var_198,0.08761766835626358,0.02765183303946225,0.11526950139572584
f003_var_30_r3,0.09196234612599566,0.022425235423631982,0.11438758154962764
f003_var_56,0.09015206372194062,0.023297433294111648,0.11344949701605227
f003_var_196_r3,0.09087617668356264,0.022494400568946197,0.11337057725250883
f003_var_144,0.09123823316437364,0.022112666105380076,0.11335089926975372
f003_var_111,0.08834178131788559,0.024137300161711048,0.11247908147959663
f003_var_0,0.0887038377986966,0.023527582106594235,0.11223141990529084
f003_var_75,0.08689355539464157,0.02525463160576046,0.11214818700040202
f003_var_11_r3,0.08906589427950762,0.02200311124591778,0.1110690055254254
f003_var_98_r1,0.08761766835626358,0.021355481788448365,0.10897315014471196
f003_var_73_r3,0.08761766835626358,0.021306865807949667,0.10892453416421324
f003_var_102_r3,0.08725561187545258,0.02162299420830402,0.1088786060837566
f003_var_15_r1,0.08689355539464157,0.021391560638414266,0.10828511603305584
f003_var_118_r3,0.08653149891383055,0.021720124135504826,0.10825162304933537
f003_var_18_r3,0.08544532947139755,0.02232533790180706,0.1077706673732046
f003_var_41_r3,0.08689355539464157,0.020667123168987972,0.10756067856362954
f003_var_28,0.08580738595220855,0.021512879944985658,0.1073202658971942
f003_var_66,0.08544532947139755,0.021545525572567958,0.10699085504396551
f003_var_23_r1,0.08544532947139755,0.021500588653431144,0.10694591812482869
f003_var_132,0.08616944243301956,0.020404101188682394,0.10657354362170196
f003_var_187_r3,0.08580738595220855,0.020712766999839663,0.10652015295204821
f003_var_20_r3,0.08508327299058653,0.020200239648595842,0.10528351263918237
f003_var_97_r3,0.08508327299058653,0.02018567538283939,0.10526894837342592
f003_var_136_r3,0.08508327299058653,0.020055890092877462,0.105139163083464
f003_var_190,0.07748008689355539,0.027647171851941134,0.10512725874549653
f003_var_182_r3,0.08472121650977553,0.019921270407915644,0.10464248691769118
f003_var_96_r3,0.08399710354815351,0.02025842628473546,0.10425552983288897
f003_var_42_r1,0.08363504706734251,0.02053406048658107,0.10416910755392358
f003_var_59,0.08399710354815351,0.020067982844023474,0.10406508639217699
f003_var_50,0.0829109341057205,0.020911569211763844,0.10382250331748434
f003_var_110,0.07929036929761042,0.022887183136812317,0.10217755243442274
f003_var_156,0.08073859522085446,0.019833781147361562,0.10057237636821602
f003_var_22,0.07820419985517742,0.022263123942481297,0.10046732379765871
f003_var_10_r3,0.08146270818247647,0.018738024921095157,0.10020073310357164
f003_var_17_r3,0.08037653874004345,0.0183797894843796,0.09875632822442305
f003_var_160_r3,0.07929036929761042,0.01900834302217026,0.09829871231978068
f003_var_44,0.0666183924692252,0.03156703824605292,0.09818543071527812
f003_var_57,0.07929036929761042,0.018881910877491723,0.09817228017510214
f003_var_121,0.07892831281679942,0.01910167790209596,0.09802999071889539
f003_var_9,0.07856625633598842,0.01894595555128113,0.09751221188726955
f003_var_114,0.07856625633598842,0.01890945743126656,0.09747571376725497
f003_var_176_r3,0.07856625633598842,0.018882470062228016,0.09744872639821643
f003_var_174,0.06770456191165822,0.029743642043218218,0.09744820395487644
f003_var_137_r3,0.0778421433743664,0.01938552778546524,0.09722767115983164
f003_var_94,0.0778421433743664,0.019184096176420983,0.09702623955078739
f003_var_82_r3,0.07675597393193338,0.01832431895865934,0.09508029289059272
f003_var_70_r3,0.07675597393193338,0.018277110652821033,0.09503308458475442
f003_var_189,0.07675597393193338,0.018113477147787337,0.09486945107972072
f003_var_120_r3,0.07639391745112238,0.018370035300271058,0.09476395275139343
f003_var_86,0.06879073135409124,0.024822010910839548,0.09361274226493078
f003_var_48_r3,0.07566980448950036,0.01789779179701849,0.09356759628651885
f003_var_61_r3,0.07530774800868936,0.017746576427061254,0.09305432443575062
f003_var_146,0.07313540912382331,0.019638287295320724,0.09277369641914404
f003_var_40,0.06770456191165822,0.025020311226670474,0.0927248731383287
f003_var_64,0.07422157856625634,0.018239484495232543,0.09246106306148888
f003_var_47_r3,0.07458363504706735,0.017501268756118116,0.09208490380318546
f003_var_89,0.07349746560463433,0.018540390009432105,0.09203785561406644
f003_var_49_r3,0.07385952208544533,0.017904962554442544,0.09176448463988787
f003_var_90_r3,0.07349746560463433,0.017478583075061952,0.09097604867969628
f003_var_149_r3,0.07277335264301232,0.018134629450978393,0.09090798209399072
f003_var_1,0.07096307023895729,0.019378770855869993,0.09034184109482728
f003_var_27,0.07277335264301232,0.016559312381845843,0.08933266502485816
f003_var_112,0.07168718320057929,0.017218882861192827,0.08890606606177212
f003_var_116,0.07096307023895729,0.017340213660373114,0.0883032838993304
f003_var_76,0.06372194062273716,0.0239680377467687,0.08768997836950586
f003_var_170,0.0666183924692252,0.02065637033977184,0.08727476280899704
f003_var_8,0.06915278783490225,0.016819812642280236,0.08597260047718248
f003_var_119,0.06734250543084722,0.01852359127642127,0.08586609670726848
f003_var_100_r3,0.06734250543084722,0.01627305478796875,0.08361556021881597
f003_var_158_r3,0.06770456191165822,0.015585146960502595,0.0832897088721608
f003_var_74_r3,0.06770456191165822,0.015573504290329493,0.08327806620198772
f003_var_199_r3,0.06734250543084722,0.015794997209649293,0.0831375026404965
f003_var_46,0.06734250543084722,0.015395093387542191,0.08273759881838941
f003_var_4,0.0662563359884142,0.01567773561236423,0.08193407160077842
f003_var_104,0.0666183924692252,0.014697512360849653,0.08131590483007485
f003_var_147,0.062273714699493124,0.01874393333840715,0.08101764803790028
f003_var_135,0.06191165821868212,0.01842339405239855,0.08033505227108068
f003_var_109,0.06010137581462709,0.019235683005263498,0.07933705881989059
f003_var_117_r3,0.06408399710354816,0.014941996212967249,0.07902599331651541
f003_var_32,0.06372194062273716,0.01525882998672618,0.07898077060946333
f003_var_16,0.06408399710354816,0.014788230087531997,0.07887222719108015
f003_var_164,0.055756698044895005,0.022897951295469423,0.07865464934036442
f003_var_106,0.06372194062273716,0.014395628441055288,0.07811756906379244
f003_var_123,0.056480811006517015,0.02150325551556186,0.07798406652207887
f003_var_184,0.054670528602461986,0.022139030270931753,0.07680955887339375
f003_var_3,0.061549601737871114,0.014146255740436422,0.07569585747830754
f003_var_155,0.05865314989138305,0.01703785624062032,0.07569100613200337
f003_var_92,0.05792903692976104,0.017750036149522804,0.07567907307928384
f003_var_79,0.0608254887762491,0.014629060624822578,0.07545454940107167
f003_var_153,0.06046343229543809,0.014609316134918712,0.0750727484303568
f003_var_33,0.05611875452570601,0.01852132436155204,0.07464007888725806
f003_var_129,0.06010137581462709,0.014135578869762992,0.07423695468439008
f003_var_122,0.05684286748732802,0.01690094761701541,0.07374381510434344
f003_var_162,0.05829109341057206,0.01411043058645807,0.07240152399703012
f003_var_13,0.05503258508327299,0.016802127851482523,0.07183471293475552
f003_var_191,0.05611875452570601,0.015503658496371248,0.07162241302207727
f003_var_88,0.05720492396813903,0.013637461018633078,0.07084238498677212
f003_var_25_r1,0.056480811006517015,0.014293367207080122,0.07077417821359713
f003_var_161_r1,0.056480811006517015,0.012998465685447021,0.06947927669196403
f003_var_188,0.05358435916002897,0.01567564467303794,0.06926000383306691
f003_var_124,0.05503258508327299,0.013790233019983148,0.06882281810325613
f003_var_18,0.0499637943519189,0.018166959769668322,0.06813075412158723
f003_var_78,0.05430847212165098,0.013347151104027523,0.0676556232256785
f003_var_168,0.054670528602461986,0.012980107499317193,0.06765063610177918
f003_var_194,0.054670528602461986,0.012816956039913376,0.06748748464237536
f003_var_31,0.05358435916002897,0.012543196152895906,0.06612755531292487
f003_var_192,0.05322230267921796,0.012349552333634061,0.06557185501285202
f003_var_5,0.046705286024619846,0.01850312615074934,0.06520841217536918
f003_var_127,0.05213613323678494,0.012909389282188615,0.06504552251897355
f003_var_80,0.04779145546705286,0.017000607706906694,0.06479206317395955
f003_var_21,0.04742939898624186,0.01711664715690801,0.06454604614314986
f003_var_14,0.05213613323678494,0.01205535965229187,0.06419149288907681
f003_var_128,0.05141202027516292,0.012042477296308907,0.06345449757147183
f003_var_173,0.048877624909485884,0.014276582560340895,0.06315420746982678
f003_var_68_r2,0.049601737871107894,0.013461637951756861,0.06306337582286475
f003_var_163,0.049601737871107894,0.013256719042461531,0.06285845691356942
f003_var_45_r3,0.05068790731354091,0.01190655908964024,0.06259446640318116
f003_var_67,0.049239681390296886,0.012902337395009589,0.06214201878530647
f003_var_62,0.0499637943519189,0.011997415724847952,0.06196121007676685
f003_var_186,0.05032585083272991,0.011510070410298924,0.061835921243028835
f003_var_63,0.0499637943519189,0.011754532252058155,0.06171832660397706
f003_var_58,0.05032585083272991,0.011389368659290262,0.061715219492020176
f003_var_107,0.048153511947863874,0.013415237258824002,0.061568749206687874
f003_var_177,0.048877624909485884,0.012561422513882656,0.06143904742336854
f003_var_196,0.048153511947863874,0.012630973117721846,0.06078448506558572
f003_var_150,0.048515568428674875,0.011645141222642397,0.06016070965131727
f003_var_137,0.048153511947863874,0.011615559345719034,0.05976907129358291
f003_var_193,0.048153511947863874,0.011223106857207229,0.0593766188050711
f003_var_69,0.04742939898624186,0.011178083779278333,0.05860748276552019
f003_var_87,0.04706734250543085,0.011507948235224325,0.05857529074065517
f003_var_49,0.04308472121650978,0.014887609905336633,0.05797233112184642
f003_var_52,0.04561911658218682,0.010784675374016141,0.05640379195620296
f003_var_145,0.04525706010137582,0.011076843902846786,0.056333904004222606
f003_var_152,0.04525706010137582,0.010595172010824692,0.055852232112200514
f003_var_180,0.04380883417813179,0.011631514794018517,0.055440348972150305
f003_var_77,0.04489500362056481,0.010209324141301492,0.0551043277618663
f003_var_24,0.04380883417813179,0.010474096378864765,0.05428293055699655
f003_var_37,0.044170890658942794,0.009973733265477404,0.054144623924420196
f003_var_115,0.04380883417813179,0.010152935865919152,0.05396177004405094
f003_var_167,0.04272266473569877,0.01077849198821056,0.05350115672390933
f003_var_175,0.04344677769732078,0.01001000748532274,0.053456785182643525
f003_var_151,0.04308472121650978,0.010238037364809115,0.053322758581318894
f003_var_159,0.04272266473569877,0.009939866917125841,0.05266253165282461
f003_var_84,0.04272266473569877,0.009907941987917253,0.052630606723616025
f003_var_36,0.041636495293265754,0.010586552504960971,0.05222304779822673
f003_var_60,0.042360608254887765,0.009841104476010644,0.05220171273089841
f003_var_65,0.041998551774076756,0.009801665339245237,0.05180021711332199
f003_var_154,0.04055032585083273,0.011076858503379102,0.05162718435421183
f003_var_143,0.041636495293265754,0.009669455685672174,0.05130595097893793
f003_var_85,0.041274438812454746,0.009815754325254021,0.05109019313770877
f003_var_102,0.04055032585083273,0.010009202582347642,0.05055952843318037
f003_var_103_r1,0.03946415640839971,0.009056557245567518,0.04852071365396723
f003_var_29,0.03910209992758871,0.009103216298608972,0.048205316226197684
f003_var_118,0.03765387400434468,0.01018332365197987,0.04783719765632455
f003_var_142,0.03874004344677769,0.009031904280290609,0.047771947727068304
f003_var_39,0.03837798696596669,0.008845599591880927,0.04722358655784762
f003_var_178,0.03801593048515568,0.0090108134960959,0.04702674398125158
f003_var_141,0.035481535119478644,0.010817892984718653,0.04629942810419729
f003_var_171,0.03729181752353367,0.00853211087833267,0.045823928401866346
f003_var_157,0.036205648081100654,0.009276311176646911,0.04548195925774756
f003_var_183,0.036929761042722664,0.008544383611783323,0.045474144654505985
f003_var_54,0.036567704561911656,0.008403476074542589,0.04497118063645424
f003_var_140,0.036567704561911656,0.008104774489454932,0.044672479051366586
f003_var_41,0.036205648081100654,0.008454528684888296,0.04466017676598895
f003_var_138,0.035843591600289645,0.00860647318262305,0.0444500647829127
f003_var_113,0.035843591600289645,0.008524049528683823,0.04436764112897347
f003_var_35,0.035481535119478644,0.008797346871731889,0.044278881991210536
f003_var_72,0.036205648081100654,0.008050893695629868,0.044256541776730524
f003_var_10,0.035481535119478644,0.008556644942061722,0.044038180061540366
f003_var_48,0.03511947863866763,0.0088820747132622,0.04400155335192983
f003_var_82,0.03511947863866763,0.00867784275789438,0.043797321396562006
f003_var_172,0.03403330919623462,0.009461215957968831,0.04349452515420345
f003_var_70,0.03403330919623462,0.009334898104379095,0.04336820730061371
f003_var_149,0.03403330919623462,0.008975797166889536,0.043009106363124154
f003_var_160,0.03367125271542361,0.007556006756720457,0.04122725947214406
f003_var_185,0.03294713975380159,0.007841714829490764,0.04078885458329236
f003_var_47,0.03258508327299059,0.007934017910144527,0.04051910118313512
f003_var_158,0.03258508327299059,0.0075496048280006885,0.04013468810099128
f003_var_17,0.03222302679217958,0.0075201100936724986,0.03974313688585208
f003_var_7,0.03222302679217958,0.0070823949488186795,0.03930542174099826
f003_var_20,0.031498913830557564,0.0075983061355306605,0.039097219966088226
f003_var_134,0.030774800868935557,0.008109874149072417,0.03888467501800798
f003_var_101,0.03041274438812455,0.007198769643140567,0.037611514031265114
f003_var_11,0.030050687907313543,0.0071868525858120634,0.03723754049312561
f003_var_120,0.030050687907313543,0.00688149889087724,0.03693218679819078
f003_var_38,0.028240405503258507,0.00658425859324689,0.0348246640965054
f003_var_83,0.027516292541636494,0.007269724429139155,0.03478601697077565
f003_var_187,0.027878349022447502,0.0068417161832396,0.0347200652056871
f003_var_90,0.02715423606082549,0.007183906453285122,0.03433814251411061
f003_var_73,0.027878349022447502,0.006346444899291445,0.034224793921738945
f003_var_96,0.027516292541636494,0.006646751742475894,0.03416304428411239
f003_var_55,0.026430123099203475,0.0062191129325263415,0.03264923603172982
f003_var_51,0.02570601013758146,0.006331505384203056,0.03203751552178452
f003_var_30,0.025343953656770456,0.006264866850944512,0.03160882050771497
f003_var_182,0.025343953656770456,0.005576179672552771,0.030920133329323227
f003_var_136,0.02498189717595945,0.0059038070541661755,0.030885704230125627
f003_var_97,0.02389572773352643,0.0061152188581930274,0.030010946591719455
f003_var_176,0.02280955829109341,0.005566276473577961,0.02837583476467137
f003_var_19,0.02280955829109341,0.005196656467431621,0.028006214758525032
f003_var_74,0.022447501810282405,0.004895881105909872,0.027343382916192278
f003_var_199,0.02172338884866039,0.005113436863125474,0.026836825711785865
f003_var_100,0.021361332367849387,0.005096116061586072,0.026457448429435457
f003_var_61,0.021361332367849387,0.004966039047175087,0.026327371415024475
f003_var_45,0.01701665459811731,0.00424288609367702,0.021259540691794327
f003_var_117,0.016292541636495295,0.0038430248389411605,0.020135566475436455
f003_var_68_r1,0.0,0.0,0.0
