,DataType,#Nulls,#Uniques,Min,Mean,Max,Std,top10 val,top10 cnt,top10 raito
ID_code,object,0,200000,,,,,"['train_19236', 'train_66829', 'train_162721', 'train_60473', 'train_193658', 'train_109766', 'train_51550', 'train_134315', 'train_63368', 'train_35250']","[1, 1, 1, 1, 1, 1, 1, 1, 1, 1]","[0.0, 0.0, 0.0, 0.0, 0.0, 0.0, 0.0, 0.0, 0.0, 0.0]"
target,int64,0,2,0.0,0.10049,1.0,0.300652975806355,"[0, 1]","[179902, 20098]","[0.9, 0.1]"
var_0,float64,0,94672,0.4084,10.67991425200015,20.315,3.040050870668801,"[10.6829, 13.0656, 8.6649, 11.959000000000001, 11.2916, 11.7837, 10.7369, 8.726, 9.5882, 9.5114]","[11, 11, 11, 10, 10, 10, 10, 10, 10, 10]","[0.0, 0.0, 0.0, 0.0, 0.0, 0.0, 0.0, 0.0, 0.0, 0.0]"
var_1,float64,0,108932,-15.0434,-1.6276216894999924,10.3768,4.050044189955011,"[-2.4313, -1.1853, -2.1515, -2.5753, -0.3668, -0.3351, -1.4517, -7.2808, -4.9244, -1.3985]","[10, 10, 10, 10, 9, 9, 9, 9, 9, 9]","[0.0, 0.0, 0.0, 0.0, 0.0, 0.0, 0.0, 0.0, 0.0, 0.0]"
var_2,float64,0,86555,2.1171,10.715191851000073,19.352999999999998,2.640894191799927,"[9.1497, 10.7345, 8.3741, 11.668, 12.3873, 11.4556, 10.8692, 12.5826, 10.43, 8.6017]","[12, 11, 11, 11, 11, 11, 11, 11, 11, 11]","[0.0, 0.0, 0.0, 0.0, 0.0, 0.0, 0.0, 0.0, 0.0, 0.0]"
var_3,float64,0,74597,-0.0402,6.796529157000018,13.1883,2.0433190163597184,"[6.8029, 6.0463, 6.7984, 7.5891, 7.6744, 6.8176, 6.0375, 7.7738, 7.2372, 6.4902]","[15, 13, 13, 12, 12, 12, 12, 12, 12, 12]","[0.0, 0.0, 0.0, 0.0, 0.0, 0.0, 0.0, 0.0, 0.0, 0.0]"
var_4,float64,0,63515,5.0748,11.078333240500118,16.6714,1.6231495339368662,"[10.8911, 11.3742, 10.9037, 11.0683, 10.2042, 10.7009, 11.1446, 11.5436, 12.2797, 10.9732]","[15, 14, 14, 14, 13, 13, 13, 13, 13, 13]","[0.0, 0.0, 0.0, 0.0, 0.0, 0.0, 0.0, 0.0, 0.0, 0.0]"
var_5,float64,0,141029,-32.5626,-5.065317493499968,17.2516,7.863266683476754,"[-7.5212, -9.127, -8.8595, -9.5437, 1.635, -6.0377, -8.8618, 2.4124, 2.2804, -0.5081]","[7, 7, 7, 7, 7, 7, 7, 7, 7, 7]","[0.0, 0.0, 0.0, 0.0, 0.0, 0.0, 0.0, 0.0, 0.0, 0.0]"
var_6,float64,0,38599,2.3473,5.408948681499958,8.4477,0.8666072662169084,"[5.1153, 5.7649, 5.3422, 6.0012, 5.6477, 5.791, 4.8001, 5.1103, 5.0965, 5.2959]","[22, 21, 21, 21, 20, 20, 20, 19, 19, 19]","[0.0, 0.0, 0.0, 0.0, 0.0, 0.0, 0.0, 0.0, 0.0, 0.0]"
var_7,float64,0,103063,5.3497,16.545849889500108,27.6918,3.418075578937139,"[18.9966, 16.7116, 17.2532, 17.0926, 14.3015, 14.2998, 12.8767, 12.5672, 14.1074, 17.5271]","[11, 10, 10, 9, 9, 9, 9, 9, 9, 9]","[0.0, 0.0, 0.0, 0.0, 0.0, 0.0, 0.0, 0.0, 0.0, 0.0]"
var_8,float64,0,98617,-10.5055,0.2841618499999962,10.1513,3.332633536717585,"[-2.2274, -1.5201, 1.3559, 1.8819, 0.8099, 2.046, 2.5633, -0.2945, 1.5874, 1.1196]","[11, 10, 10, 10, 10, 10, 10, 10, 10, 10]","[0.0, 0.0, 0.0, 0.0, 0.0, 0.0, 0.0, 0.0, 0.0, 0.0]"
var_9,float64,0,49417,3.9705,7.567236361499921,11.1506,1.235069925299941,"[7.2048, 7.7428, 7.7306, 7.6869, 8.9801, 7.7282, 9.0529, 7.7331, 8.6112, 8.5036]","[18, 18, 17, 17, 17, 17, 16, 16, 16, 16]","[0.0, 0.0, 0.0, 0.0, 0.0, 0.0, 0.0, 0.0, 0.0, 0.0]"
var_10,float64,0,128764,-20.7313,0.39434044100000565,18.6702,5.500793007191889,"[0.8671, 0.2742, -0.0713, 0.1737, 2.8736, 1.0521, 1.2242, 1.9522, -1.4632, 0.1105]","[9, 8, 8, 8, 8, 7, 7, 7, 7, 7]","[0.0, 0.0, 0.0, 0.0, 0.0, 0.0, 0.0, 0.0, 0.0, 0.0]"
var_11,float64,0,130193,-26.095,-3.24559608850003,17.1887,5.970253095505347,"[-6.5005, -5.1691, -4.6944, -3.0733, -2.5212, -3.5366, -4.187, -3.3842, -3.2977, -2.0422]","[8, 8, 8, 7, 7, 7, 7, 7, 7, 7]","[0.0, 0.0, 0.0, 0.0, 0.0, 0.0, 0.0, 0.0, 0.0, 0.0]"
var_12,float64,0,9561,13.4346,14.023977798500157,14.6545,0.19005923307538608,"[13.5545, 13.5547, 13.5546, 13.5542, 13.5544, 13.5543, 13.5548, 13.5549, 13.555, 13.554]","[203, 159, 150, 150, 148, 147, 122, 120, 107, 102]","[0.0, 0.0, 0.0, 0.0, 0.0, 0.0, 0.0, 0.0, 0.0, 0.0]"
var_13,float64,0,115181,-6.0111,8.530232378999825,22.3315,4.639535502007212,"[12.344000000000001, 9.1917, 14.1195, 8.4977, 8.4774, 8.4052, 6.9642, 4.3446, 7.2316, 8.4756]","[9, 9, 9, 9, 9, 8, 8, 8, 8, 8]","[0.0, 0.0, 0.0, 0.0, 0.0, 0.0, 0.0, 0.0, 0.0, 0.0]"
var_14,float64,0,79122,1.0133,7.537606113500163,14.9377,2.2479082450576446,"[8.9383, 8.1285, 6.8468, 8.5079, 8.1392, 9.998, 10.1592, 6.5909, 9.2706, 6.2752]","[12, 11, 11, 11, 11, 11, 11, 11, 11, 11]","[0.0, 0.0, 0.0, 0.0, 0.0, 0.0, 0.0, 0.0, 0.0, 0.0]"
var_15,float64,0,19810,13.0769,14.57312585900008,15.8633,0.41171142186377,"[14.6482, 14.3176, 14.6285, 14.5936, 14.2518, 14.7976, 14.6044, 14.5148, 14.5975, 14.4187]","[34, 32, 31, 31, 31, 31, 31, 31, 30, 30]","[0.0, 0.0, 0.0, 0.0, 0.0, 0.0, 0.0, 0.0, 0.0, 0.0]"
var_16,float64,0,86918,0.6351,9.333264182500024,17.9506,2.5574209936662666,"[10.743, 10.7735, 10.6869, 7.5078, 10.8245, 10.8051, 10.8814, 11.0406, 8.7305, 9.8834]","[14, 13, 12, 12, 11, 11, 11, 11, 11, 10]","[0.0, 0.0, 0.0, 0.0, 0.0, 0.0, 0.0, 0.0, 0.0, 0.0]"
var_17,float64,0,137823,-33.3802,-5.69673100199994,19.0259,6.712612437614552,"[-8.2807, -6.9277, 4.2545, -10.0231, -5.7012, -4.5853, -5.9443, -6.8168, -9.4216, -6.4863]","[8, 8, 8, 7, 7, 7, 7, 7, 7, 7]","[0.0, 0.0, 0.0, 0.0, 0.0, 0.0, 0.0, 0.0, 0.0, 0.0]"
var_18,float64,0,139515,-10.6642,15.244013001999955,41.748000000000005,7.851370241294005,"[10.2625, 13.0018, 20.3124, 15.1905, 22.5998, 21.5385, 6.3679, 22.805, 10.7934, 14.3503]","[9, 8, 8, 7, 7, 7, 7, 7, 7, 7]","[0.0, 0.0, 0.0, 0.0, 0.0, 0.0, 0.0, 0.0, 0.0, 0.0]"
var_19,float64,0,144180,-12.4025,12.438567329500046,35.183,7.996693808364856,"[15.5568, 10.9355, 10.4466, 5.3314, 15.4164, 12.0992, 15.5819, 10.3558, 12.5791, 13.806]","[7, 7, 6, 6, 6, 6, 6, 6, 6, 6]","[0.0, 0.0, 0.0, 0.0, 0.0, 0.0, 0.0, 0.0, 0.0, 0.0]"
var_20,float64,0,127764,-5.4322,13.290894120500125,31.2859,5.876253905644921,"[8.5437, 12.9116, 17.122, 14.4471, 18.2334, 10.1348, 14.0786, 14.5598, 12.0318, 7.602]","[10, 8, 8, 8, 8, 8, 7, 7, 7, 7]","[0.0, 0.0, 0.0, 0.0, 0.0, 0.0, 0.0, 0.0, 0.0, 0.0]"
var_21,float64,0,140062,-10.089,17.257882792999826,49.0443,8.196563646022906,"[13.9733, 11.9118, 18.374000000000002, 17.5359, 21.741999999999997, 14.2314, 14.2239, 17.3297, 14.4915, 14.5536]","[10, 8, 8, 7, 7, 7, 7, 7, 7, 7]","[0.0, 0.0, 0.0, 0.0, 0.0, 0.0, 0.0, 0.0, 0.0, 0.0]"
var_22,float64,0,90660,-5.3225,4.305430470499966,14.5945,2.8479579398264674,"[2.6718, 1.8087, 5.2144, 4.9226, 4.8975, 3.2955, 6.4632, 7.0564, 4.5118, 2.7166]","[11, 11, 11, 11, 11, 11, 10, 10, 10, 10]","[0.0, 0.0, 0.0, 0.0, 0.0, 0.0, 0.0, 0.0, 0.0, 0.0]"
var_23,float64,0,24913,1.2098,3.019539769499994,4.8752,0.5268934534183379,"[2.9116, 2.6761, 2.9261, 2.8285, 2.7836, 3.1569, 2.7967, 3.1583, 3.0526, 3.1967]","[32, 31, 31, 30, 30, 29, 27, 27, 27, 27]","[0.0, 0.0, 0.0, 0.0, 0.0, 0.0, 0.0, 0.0, 0.0, 0.0]"
var_24,float64,0,105101,-0.6784,10.584400070499987,25.445999999999998,3.7772452295430825,"[8.1986, 8.2132, 8.899, 9.1963, 12.548, 13.5674, 12.8799, 9.3245, 9.927, 8.9633]","[10, 10, 10, 10, 10, 10, 10, 9, 9, 9]","[0.0, 0.0, 0.0, 0.0, 0.0, 0.0, 0.0, 0.0, 0.0, 0.0]"
var_25,float64,0,14853,12.72,13.667496002999982,14.6546,0.28553546188262435,"[13.6723, 13.7088, 13.6971, 13.6453, 13.6122, 13.5213, 13.8207, 13.6636, 13.7412, 13.8605]","[41, 40, 40, 40, 39, 39, 39, 39, 39, 39]","[0.0, 0.0, 0.0, 0.0, 0.0, 0.0, 0.0, 0.0, 0.0, 0.0]"
var_26,float64,0,127089,-24.2431,-4.055133277000111,15.6751,5.922209781187795,"[0.7814, -6.9358, -8.3158, -9.7403, -1.1735, -7.9918, -14.2851, -5.0997, -8.7815, -6.2418]","[9, 8, 8, 8, 8, 8, 8, 8, 8, 8]","[0.0, 0.0, 0.0, 0.0, 0.0, 0.0, 0.0, 0.0, 0.0, 0.0]"
var_27,float64,0,60185,-6.1668,-1.1379075224999928,3.2431,1.523714225708139,"[-0.5237, -1.4595, 0.0727, -0.5333, -0.7963, -0.2113, 0.1211, -1.4837, -2.3974, -1.4841]","[15, 14, 14, 14, 14, 14, 14, 14, 13, 13]","[0.0, 0.0, 0.0, 0.0, 0.0, 0.0, 0.0, 0.0, 0.0, 0.0]"
var_28,float64,0,35859,2.0896,5.5329795799998935,8.7874,0.7833672777788555,"[5.3723, 5.2588, 5.7237, 5.2962, 5.9647, 5.2702, 5.249, 5.599, 5.1695, 5.3386]","[24, 23, 22, 22, 22, 21, 21, 21, 21, 21]","[0.0, 0.0, 0.0, 0.0, 0.0, 0.0, 0.0, 0.0, 0.0, 0.0]"
var_29,float64,0,88339,-4.7872,5.0538735589999755,13.1431,2.615941510224772,"[3.7681, 4.441, 6.3833, 5.6568, 4.927, 3.7812, 6.8775, 3.9164, 2.4672, 4.9475]","[12, 12, 11, 11, 11, 11, 10, 10, 10, 10]","[0.0, 0.0, 0.0, 0.0, 0.0, 0.0, 0.0, 0.0, 0.0, 0.0]"
var_30,float64,0,145977,-34.7984,-7.687739594500069,15.6515,7.96519822526346,"[-13.3689, -1.3793, -0.0119, -5.8887, -3.6804, -1.2893, 1.3237, -12.6, -4.2156, 0.4527]","[6, 6, 6, 6, 6, 6, 6, 6, 6, 6]","[0.0, 0.0, 0.0, 0.0, 0.0, 0.0, 0.0, 0.0, 0.0, 0.0]"
var_31,float64,0,77388,2.1406,10.393045871999993,20.1719,2.1598906041093113,"[10.1993, 9.6034, 10.2084, 11.5188, 10.5605, 9.7873, 10.9139, 11.3057, 11.6159, 11.25]","[14, 14, 14, 13, 13, 12, 12, 12, 12, 12]","[0.0, 0.0, 0.0, 0.0, 0.0, 0.0, 0.0, 0.0, 0.0, 0.0]"
var_32,float64,0,85964,-8.9861,-0.5128855334999974,6.7871,2.5878295441300505,"[-1.0086, -0.8917, -0.9563, -1.82, 1.2067, -1.5948, -4.1227, 1.6967, -2.2957, -1.3296]","[13, 13, 11, 11, 11, 11, 10, 10, 10, 10]","[0.0, 0.0, 0.0, 0.0, 0.0, 0.0, 0.0, 0.0, 0.0, 0.0]"
var_33,float64,0,112239,1.5085,14.774146718499884,29.5466,4.322324785505145,"[11.1284, 15.4864, 18.1978, 13.779000000000002, 16.0911, 18.7259, 17.5515, 14.1441, 14.9961, 16.0918]","[13, 9, 9, 9, 9, 9, 8, 8, 8, 8]","[0.0, 0.0, 0.0, 0.0, 0.0, 0.0, 0.0, 0.0, 0.0, 0.0]"
var_34,float64,0,25164,9.8169,11.434249708000214,13.2878,0.541614196549085,"[11.1229, 11.3692, 11.5479, 11.0894, 11.614, 11.6225, 11.658, 11.6062, 11.0141, 11.3862]","[30, 28, 28, 28, 28, 27, 27, 26, 26, 26]","[0.0, 0.0, 0.0, 0.0, 0.0, 0.0, 0.0, 0.0, 0.0, 0.0]"
var_35,float64,0,122384,-16.5136,3.842499154000043,21.5289,5.179558998997699,"[2.0915, 6.5746, 7.1843, 0.4402, -0.0465, 4.0464, 4.6143, 4.4707, 3.7912, -1.5512]","[10, 10, 9, 9, 8, 8, 8, 8, 8, 8]","[0.0, 0.0, 0.0, 0.0, 0.0, 0.0, 0.0, 0.0, 0.0, 0.0]"
var_36,float64,0,96404,-8.0951,2.1872295715000276,14.2456,3.119977835319585,"[2.5371, 1.8557, 2.6743, 3.5717, 2.5078, 0.7135, 2.3181, 4.4773, 4.3486, 1.1494]","[13, 11, 11, 11, 11, 10, 10, 10, 10, 10]","[0.0, 0.0, 0.0, 0.0, 0.0, 0.0, 0.0, 0.0, 0.0, 0.0]"
var_37,float64,0,79040,-1.1834,5.868899321000045,11.8638,2.2497298774487597,"[4.9476, 4.9248, 7.9387, 8.5068, 7.4695, 6.7327, 7.971, 5.7104, 7.097, 6.229]","[13, 12, 11, 11, 11, 11, 11, 11, 11, 11]","[0.0, 0.0, 0.0, 0.0, 0.0, 0.0, 0.0, 0.0, 0.0, 0.0]"
var_38,float64,0,115366,-6.3371,10.642130851000019,29.8235,4.278902835025862,"[10.8943, 8.672, 10.3302, 11.8878, 12.6988, 14.2808, 10.8648, 9.8019, 8.998, 9.1751]","[9, 9, 9, 9, 8, 8, 8, 8, 8, 8]","[0.0, 0.0, 0.0, 0.0, 0.0, 0.0, 0.0, 0.0, 0.0, 0.0]"
var_39,float64,0,112674,-14.5457,0.6629564005000061,15.3223,4.068844666306702,"[-0.1072, 0.1856, 1.9756, 0.4419, -0.8453, 1.9725, -0.4552, 0.3925, 4.9116, -1.5207]","[10, 10, 10, 9, 9, 9, 9, 8, 8, 8]","[0.0, 0.0, 0.0, 0.0, 0.0, 0.0, 0.0, 0.0, 0.0, 0.0]"
var_40,float64,0,141878,-35.2117,-6.725505202999982,18.1056,8.279259190080031,"[-6.1863, -3.1692, -13.5227, 0.9058, -6.0413, -11.2443, -13.8242, 1.6055, -8.5245, -7.151]","[8, 8, 8, 8, 7, 7, 7, 7, 7, 7]","[0.0, 0.0, 0.0, 0.0, 0.0, 0.0, 0.0, 0.0, 0.0, 0.0]"
var_41,float64,0,131896,-8.5359,9.299858002000006,26.1658,5.9380875930028285,"[1.8496, 9.0604, 13.7283, 5.199, 8.9134, 8.8606, 0.8293, 8.8187, 11.2896, 8.9637]","[8, 8, 8, 7, 7, 7, 7, 7, 7, 7]","[0.0, 0.0, 0.0, 0.0, 0.0, 0.0, 0.0, 0.0, 0.0, 0.0]"
var_42,float64,0,31592,8.859,11.222356093500128,13.4696,0.6959910936128322,"[11.2294, 11.3638, 11.2327, 10.786, 10.8632, 11.7915, 11.8508, 11.2866, 11.2229, 11.1161]","[23, 23, 22, 22, 22, 21, 21, 21, 21, 21]","[0.0, 0.0, 0.0, 0.0, 0.0, 0.0, 0.0, 0.0, 0.0, 0.0]"
var_43,float64,0,15188,10.6528,11.56995389999968,12.5779,0.3095994237520591,"[11.4522, 11.5531, 11.445, 11.5842, 11.4555, 11.3705, 11.3521, 11.5296, 11.4401, 11.66]","[39, 39, 38, 38, 38, 38, 37, 37, 37, 37]","[0.0, 0.0, 0.0, 0.0, 0.0, 0.0, 0.0, 0.0, 0.0, 0.0]"
var_44,float64,0,127702,-9.9396,8.94828879650007,34.1961,5.9030729557361985,"[10.6472, 7.4354, 11.5493, 5.4478, 9.4572, 7.8785, 9.8139, 8.8724, 10.4887, 8.1594]","[9, 9, 9, 9, 9, 8, 8, 8, 8, 8]","[0.0, 0.0, 0.0, 0.0, 0.0, 0.0, 0.0, 0.0, 0.0, 0.0]"
var_45,float64,0,169968,-90.2525,-12.699666820500275,62.0844,21.404911544677045,"[-2.841, -11.6023, -25.7142, 12.8946, -15.0639, -3.7260000000000004, -5.3966, -3.9531, -4.1019, -5.1439]","[7, 6, 5, 5, 5, 5, 5, 5, 5, 5]","[0.0, 0.0, 0.0, 0.0, 0.0, 0.0, 0.0, 0.0, 0.0, 0.0]"
var_46,float64,0,93450,1.2062,11.326487956000026,21.2939,2.8605106499241697,"[12.2484, 10.3614, 11.2383, 10.6403, 10.0843, 9.0968, 13.1023, 13.6698, 13.2246, 10.2496]","[13, 11, 11, 10, 10, 10, 10, 10, 10, 10]","[0.0, 0.0, 0.0, 0.0, 0.0, 0.0, 0.0, 0.0, 0.0, 0.0]"
var_47,float64,0,154781,-47.6862,-12.471737158500021,20.6854,10.579861528912659,"[-13.3339, -2.233, -20.8972, -16.2101, -16.5345, -27.2517, 1.1252, -23.5309, -11.9945, -3.4173]","[7, 7, 6, 6, 6, 6, 6, 6, 6, 6]","[0.0, 0.0, 0.0, 0.0, 0.0, 0.0, 0.0, 0.0, 0.0, 0.0]"
var_48,float64,0,152039,-23.9022,14.704712718500053,54.2738,11.38433176258042,"[17.1433, 10.2156, 9.3786, 1.876, 25.743000000000002, 24.3555, 24.8065, 21.1887, 5.3849, 14.9261]","[8, 8, 7, 7, 7, 7, 7, 6, 6, 6]","[0.0, 0.0, 0.0, 0.0, 0.0, 0.0, 0.0, 0.0, 0.0, 0.0]"
var_49,float64,0,140641,-8.0707,16.68249870250046,41.153,7.855762488129508,"[24.1343, 18.0907, 17.8441, 20.7274, 15.0579, 23.124000000000002, 11.1639, 15.8376, 14.8784, 19.2722]","[9, 8, 7, 7, 7, 7, 7, 7, 7, 7]","[0.0, 0.0, 0.0, 0.0, 0.0, 0.0, 0.0, 0.0, 0.0, 0.0]"
var_50,float64,0,32308,10.3855,12.740985915999717,15.3172,0.6917090672488149,"[12.7809, 12.3418, 12.9838, 12.8046, 12.8143, 12.6198, 12.8525, 12.6353, 13.1294, 12.6474]","[25, 24, 24, 24, 23, 23, 23, 22, 22, 22]","[0.0, 0.0, 0.0, 0.0, 0.0, 0.0, 0.0, 0.0, 0.0, 0.0]"
var_51,float64,0,143455,-15.0462,13.428911725999962,40.689,8.18730589976902,"[7.31, 6.4414, 10.732999999999999, 18.7145, 15.0055, 20.0366, 18.3188, 12.1206, 9.7144, 20.1539]","[7, 7, 7, 7, 6, 6, 6, 6, 6, 6]","[0.0, 0.0, 0.0, 0.0, 0.0, 0.0, 0.0, 0.0, 0.0, 0.0]"
var_52,float64,0,121313,-24.7214,-2.5288156160000077,17.0968,4.985532259550098,"[-2.2423, -2.4091, 0.0286, -3.1584, 0.5033, -4.4218, -0.132, -1.8287, -0.8745, -4.5133]","[10, 10, 9, 9, 9, 9, 8, 8, 8, 8]","[0.0, 0.0, 0.0, 0.0, 0.0, 0.0, 0.0, 0.0, 0.0, 0.0]"
var_53,float64,0,33460,3.3449,6.008568800000036,8.2315,0.7647529817394364,"[6.4543, 6.4571, 6.3297, 6.5062, 6.0496, 6.0934, 6.3260000000000005, 5.8402, 6.3324, 6.8609]","[25, 23, 23, 23, 22, 22, 22, 21, 21, 21]","[0.0, 0.0, 0.0, 0.0, 0.0, 0.0, 0.0, 0.0, 0.0, 0.0]"
var_54,float64,0,144776,-26.7786,1.1371168640000182,28.5724,8.414241118728796,"[-3.6322, -1.4074, 3.1544, -6.7068, -4.1454, 11.796, -3.5877, -6.2683, 2.9663, -0.1051]","[8, 8, 7, 7, 7, 7, 7, 6, 6, 6]","[0.0, 0.0, 0.0, 0.0, 0.0, 0.0, 0.0, 0.0, 0.0, 0.0]"
var_55,float64,0,128077,-3.7826,12.745851658000129,29.0921,5.690072147133658,"[21.2356, 11.6573, 15.6022, 11.3412, 9.8497, 13.7403, 6.5124, 6.6116, 12.7988, 17.5919]","[9, 8, 8, 7, 7, 7, 7, 7, 7, 7]","[0.0, 0.0, 0.0, 0.0, 0.0, 0.0, 0.0, 0.0, 0.0, 0.0]"
var_56,float64,0,103045,2.7618,16.629164889000243,29.0741,3.5401738815672976,"[17.5314, 16.2287, 16.2716, 14.574000000000002, 19.5318, 16.174, 17.3803, 12.94, 16.6947, 19.7088]","[10, 10, 10, 10, 9, 9, 9, 9, 9, 9]","[0.0, 0.0, 0.0, 0.0, 0.0, 0.0, 0.0, 0.0, 0.0, 0.0]"
var_57,float64,0,35545,3.4423,6.27201351600007,9.1609,0.7950261413770973,"[5.971, 6.3119, 6.3978, 5.9345, 6.6088, 5.9003, 6.7804, 5.8261, 6.1698, 6.586]","[22, 22, 21, 21, 21, 21, 21, 20, 20, 20]","[0.0, 0.0, 0.0, 0.0, 0.0, 0.0, 0.0, 0.0, 0.0, 0.0]"
var_58,float64,0,113907,-12.6009,3.1776331529999573,20.4833,4.296685916972876,"[0.2844, 4.1821, 3.8153, 3.7547, 4.4704, 0.8727, 3.1649, 3.1943, 4.0246, 3.3375]","[10, 9, 9, 9, 9, 8, 8, 8, 8, 8]","[0.0, 0.0, 0.0, 0.0, 0.0, 0.0, 0.0, 0.0, 0.0, 0.0]"
var_59,float64,0,37744,6.184,8.931124124499926,11.9867,0.8547981603289848,"[8.9119, 9.0268, 8.3128, 9.2913, 8.8819, 9.622, 8.8051, 9.83, 8.6584, 8.8424]","[21, 20, 20, 20, 19, 19, 19, 19, 19, 19]","[0.0, 0.0, 0.0, 0.0, 0.0, 0.0, 0.0, 0.0, 0.0, 0.0]"
var_60,float64,0,113763,-2.1006,12.155618231499737,25.1955,4.2223892302838415,"[14.039000000000001, 10.9919, 10.0524, 13.5588, 8.4113, 13.5219, 13.8057, 14.2473, 13.029000000000002, 10.9349]","[10, 9, 9, 9, 9, 9, 9, 8, 8, 8]","[0.0, 0.0, 0.0, 0.0, 0.0, 0.0, 0.0, 0.0, 0.0, 0.0]"
var_61,float64,0,159369,-48.8027,-11.946744153999756,27.1029,11.62294817404791,"[-7.6718, -8.2343, -7.3748, -18.0763, -14.2701, -20.7267, -4.3454, -19.7647, -17.9657, -10.5855]","[6, 6, 6, 6, 6, 6, 6, 6, 5, 5]","[0.0, 0.0, 0.0, 0.0, 0.0, 0.0, 0.0, 0.0, 0.0, 0.0]"
var_62,float64,0,74777,-6.3289,0.874170270500003,7.7536,2.026237549584527,"[1.5583, 1.9528, -0.3779, 1.9836, 0.0259, 0.2869, -0.3598, -0.3638, 0.9643, 0.9413]","[13, 13, 13, 13, 12, 12, 12, 12, 12, 12]","[0.0, 0.0, 0.0, 0.0, 0.0, 0.0, 0.0, 0.0, 0.0, 0.0]"
var_63,float64,0,97098,-10.5544,0.6611733995000059,11.2317,3.1130890250495655,"[0.7562, 2.7228, 0.9968, 0.4697, -1.5617, 3.0398, 3.3571, 0.5632, -0.2027, -0.4739]","[11, 11, 11, 10, 10, 9, 9, 9, 9, 9]","[0.0, 0.0, 0.0, 0.0, 0.0, 0.0, 0.0, 0.0, 0.0, 0.0]"
var_64,float64,0,59379,1.6117,6.369157322999949,11.1537,1.4858537950937523,"[6.6952, 5.8996, 7.6077, 6.6597, 5.416, 6.7498, 5.6472, 6.8827, 5.8442, 5.5896]","[16, 15, 15, 15, 14, 14, 14, 13, 13, 13]","[0.0, 0.0, 0.0, 0.0, 0.0, 0.0, 0.0, 0.0, 0.0, 0.0]"
var_65,float64,0,108347,-14.0888,0.9828914825000006,15.7313,3.7864934479479606,"[1.5812, -0.7942, 0.7082, 0.4022, 1.6887, 0.2034, 0.0504, 0.7871, 1.864, -0.4217]","[10, 9, 9, 9, 9, 9, 9, 8, 8, 8]","[0.0, 0.0, 0.0, 0.0, 0.0, 0.0, 0.0, 0.0, 0.0, 0.0]"
var_66,float64,0,47722,1.3368,5.7940388984999585,9.7132,1.1213655498134054,"[5.8024, 5.8866, 4.6708, 6.1667, 5.3539, 6.211, 5.2577, 5.8695, 5.8711, 6.5046]","[19, 17, 16, 16, 16, 16, 16, 16, 16, 16]","[0.0, 0.0, 0.0, 0.0, 0.0, 0.0, 0.0, 0.0, 0.0, 0.0]"
var_67,float64,0,137253,-19.5443,11.943223381000069,39.3968,7.3651152088908445,"[11.7277, 8.4353, 8.9749, 10.4672, 5.8175, 14.5014, 8.5863, 10.4732, 11.4287, 15.5137]","[8, 8, 7, 7, 7, 7, 7, 7, 7, 7]","[0.0, 0.0, 0.0, 0.0, 0.0, 0.0, 0.0, 0.0, 0.0, 0.0]"
var_68,float64,0,451,4.9938,5.0188934560000416,5.0469,0.007186267883143507,"[5.0214, 5.0215, 5.0209, 5.0183, 5.0179, 5.0208, 5.0193, 5.0202, 5.0174, 5.0203]","[1084, 1081, 1080, 1077, 1071, 1070, 1070, 1069, 1066, 1063]","[0.01, 0.01, 0.01, 0.01, 0.01, 0.01, 0.01, 0.01, 0.01, 0.01]"
var_69,float64,0,110346,-16.3094,-3.331515086499959,8.5473,3.9557227549353553,"[-3.3505, -4.9729, -0.4475, -5.3517, -3.4678, -3.3911, -8.0546, -0.8624, -1.0853, -0.1411]","[10, 9, 9, 9, 9, 9, 9, 8, 8, 8]","[0.0, 0.0, 0.0, 0.0, 0.0, 0.0, 0.0, 0.0, 0.0, 0.0]"
var_70,float64,0,153193,-17.0275,24.44681105099994,64.4644,11.951741643446276,"[25.4822, 14.8829, 31.4509, 31.0272, 30.1412, 10.3007, 30.749000000000002, 29.6291, 14.1727, 35.8996]","[7, 7, 7, 6, 6, 6, 6, 6, 6, 6]","[0.0, 0.0, 0.0, 0.0, 0.0, 0.0, 0.0, 0.0, 0.0, 0.0]"
var_71,float64,0,13527,-0.22399999999999998,0.6697558929999863,1.5719,0.26669612131409076,"[0.7031, 0.5283, 0.7040000000000001, 0.7548, 0.7378, 0.7663, 0.6693, 0.7523, 0.6617, 0.757]","[54, 44, 43, 43, 43, 42, 42, 42, 42, 41]","[0.0, 0.0, 0.0, 0.0, 0.0, 0.0, 0.0, 0.0, 0.0, 0.0]"
var_72,float64,0,110114,-12.3834,0.6405532485000109,14.15,3.944702831427337,"[0.7613, 0.6609999999999999, -1.5743, -0.2553, 0.6066, 0.7733, 4.2445, 2.4716, 3.1064, 1.8905]","[10, 10, 9, 9, 9, 9, 9, 9, 8, 8]","[0.0, 0.0, 0.0, 0.0, 0.0, 0.0, 0.0, 0.0, 0.0, 0.0]"
var_73,float64,0,142582,-1.6658,19.610887772500107,44.5361,7.466303345873302,"[15.9571, 20.8868, 21.4185, 17.4372, 22.348000000000003, 15.1592, 17.3263, 27.5815, 17.9333, 15.6137]","[8, 7, 7, 7, 7, 7, 7, 7, 7, 6]","[0.0, 0.0, 0.0, 0.0, 0.0, 0.0, 0.0, 0.0, 0.0, 0.0]"
var_74,float64,0,161058,-34.1015,19.518845928000676,70.27199999999999,14.112590694715564,"[25.6287, 19.0988, 17.3676, 22.4514, 12.7275, 14.1012, 11.3463, 16.4529, 25.6363, 13.6746]","[7, 6, 6, 6, 6, 6, 6, 6, 6, 6]","[0.0, 0.0, 0.0, 0.0, 0.0, 0.0, 0.0, 0.0, 0.0, 0.0]"
var_75,float64,0,129383,-1.2936,16.853731765000276,36.1567,6.055321599453849,"[11.8235, 15.0341, 17.7876, 17.1759, 13.2758, 18.4794, 18.2317, 16.4562, 16.0489, 14.8108]","[10, 9, 9, 9, 8, 8, 8, 8, 8, 8]","[0.0, 0.0, 0.0, 0.0, 0.0, 0.0, 0.0, 0.0, 0.0, 0.0]"
var_76,float64,0,139317,-21.6333,6.050871454000032,34.4352,7.9383512531943,"[10.0821, 1.9322, 9.8051, 0.2529, 6.5166, -6.5171, 0.0055, 2.3593, 10.823, 12.1161]","[8, 8, 8, 8, 8, 7, 7, 7, 7, 7]","[0.0, 0.0, 0.0, 0.0, 0.0, 0.0, 0.0, 0.0, 0.0, 0.0]"
var_77,float64,0,106809,7.4257,19.06699255599989,30.9569,3.8172924643985775,"[14.9139, 15.8346, 17.8587, 15.9497, 18.7567, 15.0886, 15.8038, 20.0707, 23.3526, 22.5268]","[10, 9, 9, 9, 9, 9, 9, 9, 9, 9]","[0.0, 0.0, 0.0, 0.0, 0.0, 0.0, 0.0, 0.0, 0.0, 0.0]"
var_78,float64,0,72254,-1.8183,5.349479312499893,11.3507,1.9937920947549006,"[6.0926, 4.3868, 2.8648, 6.7116, 5.7681, 6.9263, 3.6159, 4.9666, 3.5103, 6.6541]","[15, 14, 14, 14, 13, 13, 13, 13, 13, 12]","[0.0, 0.0, 0.0, 0.0, 0.0, 0.0, 0.0, 0.0, 0.0, 0.0]"
var_79,float64,0,53212,10.4454,14.402136341499912,18.2256,1.3090548713055725,"[13.8981, 14.595, 15.6546, 14.4926, 14.4212, 14.6371, 14.2259, 13.2425, 12.9932, 14.6528]","[17, 17, 16, 16, 15, 14, 14, 14, 14, 14]","[0.0, 0.0, 0.0, 0.0, 0.0, 0.0, 0.0, 0.0, 0.0, 0.0]"
var_80,float64,0,136432,-18.0422,5.795043556999862,30.4769,7.4367367646596625,"[6.7846, 2.0695, 6.5553, 0.5574, 7.7561, 11.415, 4.5792, 7.7136, 11.3012, 3.0333]","[8, 8, 8, 7, 7, 7, 7, 7, 7, 7]","[0.0, 0.0, 0.0, 0.0, 0.0, 0.0, 0.0, 0.0, 0.0, 0.0]"
var_81,float64,0,79065,7.5865,14.719023858500014,23.1324,2.299567114776461,"[15.620999999999999, 15.8789, 14.1672, 15.0039, 13.5828, 15.9831, 16.2902, 14.2303, 15.7141, 15.0453]","[14, 13, 13, 13, 13, 13, 13, 12, 12, 12]","[0.0, 0.0, 0.0, 0.0, 0.0, 0.0, 0.0, 0.0, 0.0, 0.0]"
var_82,float64,0,144829,-30.0266,-3.4712732399999653,21.8934,8.479255193664804,"[-1.5281, -2.8586, -0.382, -8.5783, 2.1486, -7.431, 2.9131, 1.7765, -5.5889999999999995, 4.4574]","[8, 8, 7, 7, 7, 7, 7, 7, 7, 6]","[0.0, 0.0, 0.0, 0.0, 0.0, 0.0, 0.0, 0.0, 0.0, 0.0]"
var_83,float64,0,144281,-24.2201,1.025816776499996,27.7143,8.29722908705552,"[3.8612, -4.6107, 0.0002, -8.552, -8.52, -1.6834, -4.9448, 2.7935, 10.7186, -0.4281]","[8, 7, 7, 7, 7, 7, 7, 7, 7, 7]","[0.0, 0.0, 0.0, 0.0, 0.0, 0.0, 0.0, 0.0, 0.0, 0.0]"
var_84,float64,0,133766,-24.4398,-2.590208760000017,17.7424,6.22530548715491,"[0.1176, 2.8051, -5.6714, -2.9049, 1.2836, 0.4557, -8.7423, -2.935, -4.6012, 3.1988]","[8, 8, 7, 7, 7, 7, 7, 7, 7, 7]","[0.0, 0.0, 0.0, 0.0, 0.0, 0.0, 0.0, 0.0, 0.0, 0.0]"
var_85,float64,0,108437,7.023,18.362720644499433,32.9011,3.908535978882602,"[17.7063, 21.9801, 19.791, 14.8079, 17.2533, 14.8545, 18.284000000000002, 13.4668, 17.583, 14.9461]","[10, 10, 10, 9, 9, 9, 9, 9, 9, 9]","[0.0, 0.0, 0.0, 0.0, 0.0, 0.0, 0.0, 0.0, 0.0, 0.0]"
var_86,float64,0,140594,-19.2722,5.621058422500088,34.5637,7.751142048095871,"[5.8419, 3.5592, 7.4501, 10.1467, 5.9008, 4.4511, 6.1564, 4.8345, 6.82, 0.9549]","[8, 8, 8, 8, 7, 7, 7, 7, 7, 7]","[0.0, 0.0, 0.0, 0.0, 0.0, 0.0, 0.0, 0.0, 0.0, 0.0]"
var_87,float64,0,125296,-8.4816,11.35148319550014,33.3541,5.661867041621059,"[8.6671, 13.1727, 14.1545, 12.68, 8.4964, 9.8669, 6.0525, 9.9508, 13.5713, 17.8068]","[9, 9, 8, 8, 8, 8, 8, 8, 8, 8]","[0.0, 0.0, 0.0, 0.0, 0.0, 0.0, 0.0, 0.0, 0.0, 0.0]"
var_88,float64,0,84918,1.3502,8.702923521500054,17.4594,2.491460035744805,"[8.5021, 7.0426, 8.4428, 6.3502, 8.1861, 7.3129, 7.4896, 8.2708, 7.1023, 8.0258]","[12, 12, 12, 11, 11, 11, 11, 11, 11, 11]","[0.0, 0.0, 0.0, 0.0, 0.0, 0.0, 0.0, 0.0, 0.0, 0.0]"
var_89,float64,0,103522,-9.6014,3.725207927499989,15.4816,3.5605535139115694,"[3.4309, 2.4659999999999997, 1.9872, 3.1141, 3.0055, 3.0277, 1.6769, 2.7119, 4.0341, 2.6825]","[12, 10, 10, 10, 9, 9, 9, 9, 9, 9]","[0.0, 0.0, 0.0, 0.0, 0.0, 0.0, 0.0, 0.0, 0.0, 0.0]"
var_90,float64,0,157210,-61.718,-16.548147023999846,27.2713,13.152809532259244,"[-15.9328, -21.983, -14.985, -13.4625, -20.1781, -17.551, -25.2992, -19.7674, -10.9583, 3.0616]","[7, 7, 6, 6, 6, 6, 6, 6, 6, 6]","[0.0, 0.0, 0.0, 0.0, 0.0, 0.0, 0.0, 0.0, 0.0, 0.0]"
var_91,float64,0,7962,6.5218,6.987541469500128,7.4895,0.15264066174512272,"[6.9785, 6.9537, 6.9919, 7.0837, 7.0360000000000005, 6.9946, 7.0908, 6.9893, 6.9466, 7.0406]","[66, 66, 66, 65, 65, 65, 64, 63, 63, 63]","[0.0, 0.0, 0.0, 0.0, 0.0, 0.0, 0.0, 0.0, 0.0, 0.0]"
var_92,float64,0,110743,-1.0185,12.73957844300002,26.9976,4.186251603047752,"[11.4079, 11.9318, 15.9992, 12.591, 14.6875, 16.0005, 13.9773, 10.9979, 12.2323, 11.9361]","[10, 10, 10, 9, 9, 9, 9, 9, 9, 9]","[0.0, 0.0, 0.0, 0.0, 0.0, 0.0, 0.0, 0.0, 0.0, 0.0]"
var_93,float64,0,26708,8.4916,10.556739836999933,12.5343,0.5433410941699892,"[10.5246, 10.626, 10.785, 10.3559, 10.7924, 10.5764, 10.5381, 10.3036, 10.7568, 10.5799]","[32, 29, 28, 28, 28, 27, 27, 27, 27, 27]","[0.0, 0.0, 0.0, 0.0, 0.0, 0.0, 0.0, 0.0, 0.0, 0.0]"
var_94,float64,0,89146,2.819,10.999161666999944,18.975,2.768098548404116,"[9.411, 10.4007, 7.8615, 11.8909, 8.9787, 9.7054, 11.8455, 12.3768, 10.4174, 12.6381]","[11, 11, 11, 11, 11, 11, 10, 10, 10, 10]","[0.0, 0.0, 0.0, 0.0, 0.0, 0.0, 0.0, 0.0, 0.0, 0.0]"
var_95,float64,0,29387,-2.4324,-0.08434425300000065,1.804,0.6211252898563221,"[-0.0298, -0.2223, -0.0064, -0.2434, -0.3289, -0.1395, -0.3366, -0.1525, 0.3407, -0.2315]","[26, 26, 26, 26, 25, 25, 24, 24, 24, 24]","[0.0, 0.0, 0.0, 0.0, 0.0, 0.0, 0.0, 0.0, 0.0, 0.0]"
var_96,float64,0,148099,-12.1584,14.400433116999883,40.8806,8.525399871814509,"[12.5468, 10.5837, 8.6561, 14.1491, 12.2701, 24.2041, 13.772, 14.2931, 18.58, 17.2012]","[7, 7, 7, 6, 6, 6, 6, 6, 6, 6]","[0.0, 0.0, 0.0, 0.0, 0.0, 0.0, 0.0, 0.0, 0.0, 0.0]"
var_97,float64,0,158739,-21.74,18.539644621500123,58.2879,12.642382102731215,"[26.9822, 14.9124, 15.4393, 14.8729, 26.6383, 31.7068, 14.5289, 15.543, 16.0187, 22.1223]","[8, 6, 6, 6, 6, 6, 6, 6, 6, 6]","[0.0, 0.0, 0.0, 0.0, 0.0, 0.0, 0.0, 0.0, 0.0, 0.0]"
var_98,float64,0,33266,-0.6035,1.7520119760000032,4.5028,0.7158356568691011,"[1.6382, 1.69, 1.7192, 1.8878, 2.0411, 1.7802, 1.7178, 1.3278, 1.9214, 1.9212]","[28, 27, 25, 24, 23, 22, 22, 22, 21, 21]","[0.0, 0.0, 0.0, 0.0, 0.0, 0.0, 0.0, 0.0, 0.0, 0.0]"
var_99,float64,0,69300,-7.2806,-0.7462960344999802,5.0764,1.8625496145558325,"[-0.18, -0.9802, -1.9355, -0.8522, 0.3854, -0.0884, 0.4131, 0.6448, -2.4117, 0.0945]","[15, 14, 14, 13, 13, 13, 13, 13, 13, 13]","[0.0, 0.0, 0.0, 0.0, 0.0, 0.0, 0.0, 0.0, 0.0, 0.0]"
var_100,float64,0,150727,-39.1791,-6.600518324499901,25.1409,9.181682757889806,"[-1.8678, -6.4314, -5.3736, -0.5764, -13.6768, -5.135, -0.1092, -8.3894, -12.8404, -1.0813]","[7, 7, 7, 6, 6, 6, 6, 6, 6, 6]","[0.0, 0.0, 0.0, 0.0, 0.0, 0.0, 0.0, 0.0, 0.0, 0.0]"
var_101,float64,0,122295,0.0757,13.413526176499865,28.4594,4.950537095273079,"[13.9182, 19.2617, 11.9166, 14.5589, 16.3413, 14.3589, 10.5937, 12.3129, 12.0869, 19.7449]","[9, 9, 8, 8, 8, 8, 8, 7, 7, 7]","[0.0, 0.0, 0.0, 0.0, 0.0, 0.0, 0.0, 0.0, 0.0, 0.0]"
var_102,float64,0,146237,-7.3829,22.29490815199963,51.3265,8.62817937280279,"[17.523, 25.9053, 16.5102, 26.4897, 23.8462, 18.861, 23.7061, 21.2102, 24.3072, 29.8637]","[8, 7, 7, 7, 7, 7, 7, 7, 7, 7]","[0.0, 0.0, 0.0, 0.0, 0.0, 0.0, 0.0, 0.0, 0.0, 0.0]"
var_103,float64,0,9376,0.9793,1.5683925405000056,2.1887,0.18501954777285656,"[1.6662, 1.599, 1.464, 1.4832, 1.5837, 1.6892, 1.4647, 1.5305, 1.6081, 1.6362]","[61, 58, 56, 56, 56, 55, 54, 54, 54, 54]","[0.0, 0.0, 0.0, 0.0, 0.0, 0.0, 0.0, 0.0, 0.0, 0.0]"
var_104,float64,0,72627,4.0846,11.50983401800003,19.0206,1.9705195374905369,"[11.6959, 11.8132, 11.5655, 11.401, 11.7681, 10.9667, 12.594000000000001, 11.0893, 10.5487, 11.5071]","[15, 14, 14, 14, 13, 13, 13, 13, 13, 13]","[0.0, 0.0, 0.0, 0.0, 0.0, 0.0, 0.0, 0.0, 0.0, 0.0]"
var_105,float64,0,39115,0.7153,4.244743821000021,7.1692,0.8556979951771188,"[4.1381, 4.0975, 3.9014, 4.2239, 4.0084, 3.8969, 4.5045, 4.1001, 4.1339, 4.1495]","[24, 23, 21, 21, 21, 20, 20, 20, 20, 20]","[0.0, 0.0, 0.0, 0.0, 0.0, 0.0, 0.0, 0.0, 0.0, 0.0]"
var_106,float64,0,71065,0.9424,8.617657006000062,15.3074,1.8948986470197757,"[7.9583, 8.4108, 9.5453, 9.5954, 8.762, 8.0478, 8.3199, 8.1643, 9.645, 8.7286]","[15, 15, 14, 14, 14, 13, 13, 12, 12, 12]","[0.0, 0.0, 0.0, 0.0, 0.0, 0.0, 0.0, 0.0, 0.0, 0.0]"
var_107,float64,0,137827,-5.898,17.796265547500028,46.3795,7.6047227704701275,"[22.8551, 18.7195, 15.6542, 14.6421, 21.4831, 25.2885, 15.575, 12.9376, 21.7286, 14.3602]","[9, 9, 8, 8, 8, 8, 7, 7, 7, 7]","[0.0, 0.0, 0.0, 0.0, 0.0, 0.0, 0.0, 0.0, 0.0, 0.0]"
var_108,float64,0,8525,13.729000000000001,14.22443535700015,14.743,0.1710911833697094,"[14.1999, 14.2, 14.2003, 14.2002, 14.1997, 14.1998, 14.1996, 14.2001, 14.2004, 14.1995]","[313, 291, 255, 252, 250, 247, 245, 243, 234, 215]","[0.0, 0.0, 0.0, 0.0, 0.0, 0.0, 0.0, 0.0, 0.0, 0.0]"
var_109,float64,0,112172,5.7697,18.458001144500052,32.0591,4.355031028968296,"[14.7532, 16.8233, 16.2597, 21.575, 20.5991, 20.7511, 15.8801, 14.8224, 17.5361, 17.4912]","[11, 10, 10, 10, 10, 10, 9, 9, 9, 9]","[0.0, 0.0, 0.0, 0.0, 0.0, 0.0, 0.0, 0.0, 0.0, 0.0]"
var_110,float64,0,106121,-9.2398,5.5132380010000945,19.5193,3.823253499306589,"[3.0479, 6.0117, 4.3804, 4.8585, 7.6583, 4.0652, 2.5731, 4.7634, 6.1397, 3.0374]","[10, 10, 10, 10, 10, 10, 9, 9, 9, 9]","[0.0, 0.0, 0.0, 0.0, 0.0, 0.0, 0.0, 0.0, 0.0, 0.0]"
var_111,float64,0,46464,2.1942,6.312602914000101,9.8002,1.082404009148189,"[6.3614, 6.1241, 5.015, 6.4453, 6.9557, 6.952000000000001, 6.8546, 6.4921, 6.9975, 6.1935]","[20, 18, 17, 17, 17, 17, 17, 17, 17, 17]","[0.0, 0.0, 0.0, 0.0, 0.0, 0.0, 0.0, 0.0, 0.0, 0.0]"
var_112,float64,0,60482,-2.0302,3.3178433449999627,8.4317,1.5911697012163044,"[4.0128, 4.7295, 4.4189, 3.5388, 4.124, 2.5613, 1.6936, 4.441, 5.0908, 4.3967]","[17, 14, 14, 14, 14, 14, 14, 14, 14, 13]","[0.0, 0.0, 0.0, 0.0, 0.0, 0.0, 0.0, 0.0, 0.0, 0.0]"
var_113,float64,0,116496,-5.5139,8.136541668000074,21.5421,4.45907729719958,"[11.6618, 8.8979, 4.1541, 6.2945, 6.0593, 4.631, 4.79, 6.6747, 11.4527, 13.7975]","[10, 9, 9, 9, 8, 8, 8, 8, 8, 8]","[0.0, 0.0, 0.0, 0.0, 0.0, 0.0, 0.0, 0.0, 0.0, 0.0]"
var_114,float64,0,43084,-0.0505,3.081191191500013,6.585,0.9853961797001805,"[3.4847, 2.7504, 2.9104, 2.6571, 3.137, 3.468, 2.801, 3.7254, 3.509, 2.8751]","[19, 19, 19, 19, 19, 18, 18, 18, 18, 18]","[0.0, 0.0, 0.0, 0.0, 0.0, 0.0, 0.0, 0.0, 0.0, 0.0]"
var_115,float64,0,86729,-6.8586,2.213716726500007,11.9504,2.6218511876950377,"[2.0175, 2.2107, 2.9388, 1.5766, 3.0366, 1.6819, 2.5487, 0.1534, 3.1257, 4.7527]","[13, 12, 12, 12, 12, 12, 11, 11, 11, 11]","[0.0, 0.0, 0.0, 0.0, 0.0, 0.0, 0.0, 0.0, 0.0, 0.0]"
var_116,float64,0,63467,-3.1630000000000003,2.402569659000031,8.1207,1.6509121203188177,"[2.8572, 2.1734, 0.9092, 2.6585, 3.5385, 2.4275, 2.9698, 3.792, 4.0296, 2.8183]","[15, 14, 14, 14, 14, 13, 13, 13, 13, 13]","[0.0, 0.0, 0.0, 0.0, 0.0, 0.0, 0.0, 0.0, 0.0, 0.0]"
var_117,float64,0,164469,-31.8369,16.102233312999502,64.8109,13.297662296617753,"[25.5994, 20.2827, 3.2310000000000003, 15.1265, 18.9751, 3.3981, 13.8547, 23.7135, 19.9153, 20.7788]","[8, 5, 5, 5, 5, 5, 5, 5, 5, 5]","[0.0, 0.0, 0.0, 0.0, 0.0, 0.0, 0.0, 0.0, 0.0, 0.0]"
var_118,float64,0,143667,-37.5277,-5.305132363000001,25.2635,8.799268140203074,"[-3.9054, -4.1726, 0.3908, -8.4457, -8.2151, -10.7222, -0.2684, -1.8208, -2.7808, 2.0531]","[9, 9, 8, 8, 7, 7, 7, 7, 7, 7]","[0.0, 0.0, 0.0, 0.0, 0.0, 0.0, 0.0, 0.0, 0.0, 0.0]"
var_119,float64,0,112403,-9.7742,3.032848597999973,15.6885,4.182795770746611,"[-1.295, 6.7865, 2.0464, 4.0128, 3.2853, 4.1482, -0.2024, 4.7324, 1.3646, 2.0076]","[11, 10, 10, 10, 9, 9, 9, 9, 9, 9]","[0.0, 0.0, 0.0, 0.0, 0.0, 0.0, 0.0, 0.0, 0.0, 0.0]"
var_120,float64,0,158269,-18.6962,24.52107786050052,74.0321,12.121015905421157,"[23.1806, 29.500999999999998, 18.4872, 21.2619, 28.4798, 25.8611, 23.4748, 30.5358, 12.509, 22.8555]","[7, 7, 6, 6, 6, 6, 6, 6, 6, 6]","[0.0, 0.0, 0.0, 0.0, 0.0, 0.0, 0.0, 0.0, 0.0, 0.0]"
var_121,float64,0,64695,6.3052,11.310591073499987,17.3074,1.7144163459822415,"[10.2527, 12.7819, 10.5634, 11.7655, 10.8703, 9.9361, 11.9359, 13.2167, 12.6085, 11.0692]","[15, 14, 14, 14, 14, 14, 13, 13, 13, 13]","[0.0, 0.0, 0.0, 0.0, 0.0, 0.0, 0.0, 0.0, 0.0, 0.0]"
var_122,float64,0,121767,-15.194,1.1929837194999886,18.4714,5.168478732850446,"[2.8188, -1.2109, 0.6788, -4.1604, 0.9305, 0.6248, 4.8868, -0.2798, -1.547, -1.9652]","[9, 9, 9, 9, 8, 8, 8, 8, 8, 8]","[0.0, 0.0, 0.0, 0.0, 0.0, 0.0, 0.0, 0.0, 0.0, 0.0]"
var_123,float64,0,129893,-12.4059,7.076253565000068,26.8749,6.147344702482952,"[9.9008, 6.8161, 6.1088, 15.5911, 11.0267, 12.8939, 7.7654, 4.553, 11.2623, 10.5741]","[11, 8, 8, 8, 7, 7, 7, 7, 7, 7]","[0.0, 0.0, 0.0, 0.0, 0.0, 0.0, 0.0, 0.0, 0.0, 0.0]"
var_124,float64,0,91022,-7.0538,4.272740109499941,14.9915,2.736821368383057,"[4.007, 5.5457, 4.8265, 6.1916, 5.5976, 3.2984, 4.4033, 0.715, 5.5068, 5.1793]","[11, 11, 11, 10, 10, 10, 10, 10, 10, 10]","[0.0, 0.0, 0.0, 0.0, 0.0, 0.0, 0.0, 0.0, 0.0, 0.0]"
var_125,float64,0,16059,11.4861,12.489164998999792,13.6642,0.31810008947400037,"[12.5159, 12.4632, 12.5009, 12.401, 12.5664, 12.7515, 12.5767, 12.6449, 12.2306, 12.4399]","[40, 39, 39, 38, 38, 38, 37, 37, 37, 37]","[0.0, 0.0, 0.0, 0.0, 0.0, 0.0, 0.0, 0.0, 0.0, 0.0]"
var_126,float64,0,32411,11.2654,13.202325819000048,15.5156,0.7760555053352279,"[11.5356, 11.5354, 11.5355, 11.5357, 11.5353, 11.5352, 11.5358, 11.5351, 11.5359, 11.536]","[305, 297, 285, 258, 255, 229, 228, 206, 182, 182]","[0.0, 0.0, 0.0, 0.0, 0.0, 0.0, 0.0, 0.0, 0.0, 0.0]"
var_127,float64,0,95710,-8.8769,0.8515071519999868,10.5976,3.137683640917686,"[0.4506, 0.8849, 1.8092, 1.7308, 2.1153, 0.5186, 0.6059, 1.6465, -2.5027, 2.7104]","[11, 10, 10, 10, 10, 10, 10, 10, 10, 10]","[0.0, 0.0, 0.0, 0.0, 0.0, 0.0, 0.0, 0.0, 0.0, 0.0]"
var_128,float64,0,98200,-11.7559,-1.1279520464999928,9.8096,3.238042738716537,"[-1.7987, -2.5973, 0.7684, -1.1443, -1.9146, -0.5114, -1.5281, -2.1303, -1.0339, -3.0963]","[11, 10, 10, 10, 10, 9, 9, 9, 9, 9]","[0.0, 0.0, 0.0, 0.0, 0.0, 0.0, 0.0, 0.0, 0.0, 0.0]"
var_129,float64,0,113425,2.1863,15.46031434550003,31.2036,4.136452521034206,"[13.0791, 11.8124, 17.3777, 16.4881, 15.029000000000002, 18.4617, 13.0298, 13.1863, 14.6411, 15.8542]","[10, 10, 9, 9, 9, 9, 9, 9, 8, 8]","[0.0, 0.0, 0.0, 0.0, 0.0, 0.0, 0.0, 0.0, 0.0, 0.0]"
var_130,float64,0,36638,9.5283,12.257150888499746,14.9895,0.832199059155247,"[12.5506, 12.9835, 12.2915, 12.3245, 11.7421, 12.1005, 12.5105, 12.4995, 12.1328, 12.8757]","[22, 20, 20, 20, 20, 20, 20, 20, 19, 19]","[0.0, 0.0, 0.0, 0.0, 0.0, 0.0, 0.0, 0.0, 0.0, 0.0]"
var_131,float64,0,21464,-0.9548,0.5446735374999926,2.1923,0.4562802634704515,"[0.3544, 0.7207, 0.5133, 0.9874, 0.4916, 0.3283, 0.8952, 0.474, 0.9139, 0.9507]","[33, 30, 30, 30, 29, 29, 29, 29, 29, 28]","[0.0, 0.0, 0.0, 0.0, 0.0, 0.0, 0.0, 0.0, 0.0, 0.0]"
var_132,float64,0,57923,2.89,7.799675918000006,12.465,1.45648618151221,"[7.5026, 7.0667, 8.7189, 7.0872, 6.8528, 7.5652, 7.9262, 7.8544, 9.0856, 7.591]","[16, 15, 15, 15, 15, 14, 14, 14, 14, 14]","[0.0, 0.0, 0.0, 0.0, 0.0, 0.0, 0.0, 0.0, 0.0, 0.0]"
var_133,float64,0,19236,5.3593,6.813270463000127,8.3091,0.3756034952904387,"[6.8632, 6.6803, 6.8876, 6.7858, 6.6405, 6.8786, 6.8538, 6.7853, 6.7315, 6.7209]","[39, 39, 39, 38, 37, 36, 36, 35, 35, 35]","[0.0, 0.0, 0.0, 0.0, 0.0, 0.0, 0.0, 0.0, 0.0, 0.0]"
var_134,float64,0,131619,-24.2546,-4.826052546000026,12.7236,6.166125904940702,"[-4.8488, 1.1296, 0.6921, -6.9469, -0.1381, -4.9151, -6.0172, -4.4602, -0.8655, -1.4724]","[9, 8, 8, 8, 8, 8, 7, 7, 7, 7]","[0.0, 0.0, 0.0, 0.0, 0.0, 0.0, 0.0, 0.0, 0.0, 0.0]"
var_135,float64,0,140774,-31.3808,-4.259472163500015,21.4128,7.61773240002705,"[0.7509999999999999, -1.6838, -5.4143, -3.8280000000000003, -7.3632, -1.6464, -1.0476, -4.7941, -0.8794, -8.2639]","[8, 8, 8, 7, 7, 7, 7, 7, 7, 7]","[0.0, 0.0, 0.0, 0.0, 0.0, 0.0, 0.0, 0.0, 0.0, 0.0]"
var_136,float64,0,156615,-9.9493,22.968601604999957,54.5794,10.382235181447593,"[16.1478, 25.892, 22.8152, 33.8603, 16.829, 13.9594, 24.6326, 17.3689, 24.7357, 14.4356]","[6, 6, 6, 6, 6, 5, 5, 5, 5, 5]","[0.0, 0.0, 0.0, 0.0, 0.0, 0.0, 0.0, 0.0, 0.0, 0.0]"
var_137,float64,0,144397,-9.851,17.613651327499955,44.4376,8.890515551770264,"[23.0784, 23.8653, 18.8455, 16.9886, 26.0507, 13.2378, 10.743, 12.5364, 11.2543, 13.7098]","[8, 8, 8, 8, 7, 7, 7, 7, 7, 7]","[0.0, 0.0, 0.0, 0.0, 0.0, 0.0, 0.0, 0.0, 0.0, 0.0]"
var_138,float64,0,117428,-16.4684,1.2107915104999916,18.8187,4.551749924661086,"[3.5385, -1.8061, -0.5755, 3.3253, 2.238, 4.3368, -0.0271, 1.1823, -0.7175, 4.2938]","[11, 9, 9, 9, 9, 9, 8, 8, 8, 8]","[0.0, 0.0, 0.0, 0.0, 0.0, 0.0, 0.0, 0.0, 0.0, 0.0]"
var_139,float64,0,137294,-21.2743,7.7601932809999425,36.0971,7.686433041484936,"[10.7498, 2.9769, 9.3837, 10.4777, 10.8027, 6.8278, 10.0698, 9.0266, 10.1157, 7.3828]","[8, 8, 8, 8, 8, 8, 8, 7, 7, 7]","[0.0, 0.0, 0.0, 0.0, 0.0, 0.0, 0.0, 0.0, 0.0, 0.0]"
var_140,float64,0,121384,-15.4595,3.423636421999949,21.1219,4.896325049051123,"[3.4335, 3.3403, 4.4564, 7.0043, 3.6317, 4.2165, 0.5509, 2.231, 0.0833, 3.6038]","[9, 9, 8, 8, 8, 8, 7, 7, 7, 7]","[0.0, 0.0, 0.0, 0.0, 0.0, 0.0, 0.0, 0.0, 0.0, 0.0]"
var_141,float64,0,134443,-16.6937,2.8975962195000213,23.9658,6.715637267781747,"[-2.9293, -0.0492, 5.8365, 0.6402, 6.7664, -4.3032, 1.63, 2.9264, 1.9622, 3.0337]","[9, 8, 8, 7, 7, 7, 7, 7, 7, 7]","[0.0, 0.0, 0.0, 0.0, 0.0, 0.0, 0.0, 0.0, 0.0, 0.0]"
var_142,float64,0,128613,-7.108,11.98348854000018,32.8911,5.69193566974547,"[11.4014, 10.0925, 8.6305, 8.583, 9.2445, 9.8218, 7.9894, 12.365, 19.7779, 16.175]","[8, 8, 8, 8, 8, 8, 7, 7, 7, 7]","[0.0, 0.0, 0.0, 0.0, 0.0, 0.0, 0.0, 0.0, 0.0, 0.0]"
var_143,float64,0,94372,2.8068,12.333697980500267,22.6916,2.9347060178774647,"[11.6202, 11.1857, 14.052, 12.8584, 14.5855, 12.2427, 10.5724, 12.707, 10.6117, 11.6879]","[11, 11, 10, 10, 10, 10, 10, 10, 10, 10]","[0.0, 0.0, 0.0, 0.0, 0.0, 0.0, 0.0, 0.0, 0.0, 0.0]"
var_144,float64,0,40595,5.4443,8.647631575000045,11.8101,0.9224686019629617,"[8.541, 9.3691, 8.7449, 8.404, 8.6002, 9.2839, 8.5527, 8.5322, 8.5956, 8.2731]","[21, 19, 19, 19, 19, 19, 18, 18, 18, 18]","[0.0, 0.0, 0.0, 0.0, 0.0, 0.0, 0.0, 0.0, 0.0, 0.0]"
var_145,float64,0,108526,-8.2734,4.841327528500051,16.0083,3.899281308225421,"[6.1191, 1.2562, 4.8645, 7.5475, 5.8142, 7.897, 3.4761, 1.1305, 9.0817, 7.1274]","[10, 9, 9, 9, 9, 8, 8, 8, 8, 8]","[0.0, 0.0, 0.0, 0.0, 0.0, 0.0, 0.0, 0.0, 0.0, 0.0]"
var_146,float64,0,84314,0.4274,10.34117789350004,20.4373,2.5188830594002725,"[10.9092, 10.2058, 10.6346, 11.1436, 10.4994, 9.7579, 9.4666, 9.6308, 9.1738, 10.2959]","[14, 12, 12, 12, 12, 12, 12, 11, 11, 11]","[0.0, 0.0, 0.0, 0.0, 0.0, 0.0, 0.0, 0.0, 0.0, 0.0]"
var_147,float64,0,137559,-29.984,-3.3007791409999765,22.1494,7.413301164524529,"[-0.9263, -2.5261, -1.5723, -1.4292, -1.4896, -0.2211, -1.8293, -2.805, -2.9943, 2.4564]","[9, 8, 8, 8, 8, 7, 7, 7, 7, 7]","[0.0, 0.0, 0.0, 0.0, 0.0, 0.0, 0.0, 0.0, 0.0, 0.0]"
var_148,float64,0,10608,3.3205,3.9907256689999513,4.7528,0.19919248665383096,"[4.0456, 3.9064, 3.9871, 4.0102, 3.9498, 4.0197, 4.042, 3.8812, 4.0383, 4.0297]","[59, 57, 57, 56, 56, 56, 56, 55, 55, 55]","[0.0, 0.0, 0.0, 0.0, 0.0, 0.0, 0.0, 0.0, 0.0, 0.0]"
var_149,float64,0,148504,-41.1683,5.2962367200000084,48.424,10.385132666379596,"[10.9914, 6.3219, 4.2547, 12.3622, -1.0759999999999998, 6.0944, 3.0133, 14.7928, 8.5639, 14.2102]","[8, 8, 7, 7, 7, 7, 6, 6, 6, 6]","[0.0, 0.0, 0.0, 0.0, 0.0, 0.0, 0.0, 0.0, 0.0, 0.0]"
var_150,float64,0,83660,9.242,16.817671238000173,25.4357,2.464157326553098,"[14.7278, 16.7391, 16.5201, 16.7492, 15.6944, 19.4085, 15.9427, 15.2243, 15.0978, 17.2663]","[13, 12, 11, 11, 11, 11, 11, 11, 11, 10]","[0.0, 0.0, 0.0, 0.0, 0.0, 0.0, 0.0, 0.0, 0.0, 0.0]"
var_151,float64,0,109667,-2.1915,10.141541544499908,21.1245,3.962425736723361,"[7.9582, 12.4929, 6.7047, 13.168, 14.6131, 12.5229, 14.779000000000002, 10.6415, 13.6762, 9.5408]","[10, 10, 9, 9, 9, 9, 9, 9, 8, 8]","[0.0, 0.0, 0.0, 0.0, 0.0, 0.0, 0.0, 0.0, 0.0, 0.0]"
var_152,float64,0,95823,-2.88,7.633199000499989,18.3846,3.005373306029588,"[7.1892, 8.2396, 9.4657, 5.1243, 5.7195, 7.885, 8.6661, 6.6789, 8.9442, 7.8707]","[12, 10, 10, 10, 10, 10, 10, 10, 10, 10]","[0.0, 0.0, 0.0, 0.0, 0.0, 0.0, 0.0, 0.0, 0.0, 0.0]"
var_153,float64,0,73728,11.0308,16.727902174999794,24.0075,2.014200402856079,"[15.3669, 15.7631, 17.3508, 15.5468, 15.6676, 17.0321, 16.1085, 15.3991, 15.8, 16.0922]","[14, 13, 13, 12, 12, 12, 12, 12, 11, 11]","[0.0, 0.0, 0.0, 0.0, 0.0, 0.0, 0.0, 0.0, 0.0, 0.0]"
var_154,float64,0,119342,-8.1966,6.974954837000086,23.2428,4.96167752162211,"[6.9489, 3.8581, 4.6052, 11.777999999999999, 5.5118, 3.8080000000000003, 4.0451, 2.6081, 11.4407, 8.7882]","[9, 9, 8, 8, 8, 8, 8, 8, 8, 8]","[0.0, 0.0, 0.0, 0.0, 0.0, 0.0, 0.0, 0.0, 0.0, 0.0]"
var_155,float64,0,127457,-21.8409,-2.0741278250000077,16.8316,5.771260979447132,"[-0.4418, -2.0838, 2.7327, -4.7793, -6.1209, -1.3696, -4.0993, 2.2264, 0.5241, -2.5186]","[9, 8, 8, 8, 8, 8, 8, 8, 8, 8]","[0.0, 0.0, 0.0, 0.0, 0.0, 0.0, 0.0, 0.0, 0.0, 0.0]"
var_156,float64,0,40634,9.9965,13.209272123499783,16.497,0.955140238273745,"[12.8946, 13.3107, 12.8308, 13.59, 13.1128, 14.0406, 13.0047, 13.4696, 12.1414, 13.7512]","[21, 19, 19, 19, 18, 18, 18, 18, 17, 17]","[0.0, 0.0, 0.0, 0.0, 0.0, 0.0, 0.0, 0.0, 0.0, 0.0]"
var_157,float64,0,126534,-22.9904,-4.81355172299989,11.9721,5.570271898728026,"[-3.551, -4.1998, -9.6838, -3.2582, -2.6575, -6.8354, -4.5263, -2.0673, -8.0541, -8.9393]","[9, 8, 8, 8, 8, 8, 8, 8, 8, 8]","[0.0, 0.0, 0.0, 0.0, 0.0, 0.0, 0.0, 0.0, 0.0, 0.0]"
var_158,float64,0,144556,-4.5544,17.914590597499757,44.7795,7.88557904670473,"[16.9647, 18.5491, 29.4571, 20.941999999999997, 11.7216, 18.7352, 14.5171, 17.8796, 10.4706, 20.1639]","[7, 7, 7, 7, 7, 6, 6, 6, 6, 6]","[0.0, 0.0, 0.0, 0.0, 0.0, 0.0, 0.0, 0.0, 0.0, 0.0]"
var_159,float64,0,112830,-4.6416,10.223282276500104,25.12,4.122911757583146,"[12.0288, 9.3882, 7.7317, 9.5166, 8.1737, 10.7063, 5.7984, 9.9066, 8.5984, 9.1697]","[9, 9, 9, 9, 9, 9, 8, 8, 8, 8]","[0.0, 0.0, 0.0, 0.0, 0.0, 0.0, 0.0, 0.0, 0.0, 0.0]"
var_160,float64,0,156274,-7.4522,24.25930012099958,58.3942,10.880262606838524,"[23.1192, 24.2034, 21.7377, 22.0143, 26.9986, 23.5023, 14.2621, 15.162, 19.4536, 18.3083]","[7, 7, 7, 7, 7, 6, 6, 6, 6, 6]","[0.0, 0.0, 0.0, 0.0, 0.0, 0.0, 0.0, 0.0, 0.0, 0.0]"
var_161,float64,0,11071,4.8526,5.633292536000031,6.3099,0.21793832443527478,"[5.7688, 5.614, 5.4625, 5.6173, 5.7314, 5.5346, 5.6451, 5.5848, 5.6506, 5.6224]","[52, 51, 51, 50, 50, 50, 50, 50, 49, 49]","[0.0, 0.0, 0.0, 0.0, 0.0, 0.0, 0.0, 0.0, 0.0, 0.0]"
var_162,float64,0,57396,0.6231,5.3628964984999,10.1344,1.4196122766203692,"[5.2866, 6.31, 6.7594, 5.2518, 4.9524, 5.2359, 5.3092, 4.7503, 5.2347, 5.5464]","[18, 15, 15, 15, 15, 14, 14, 14, 14, 14]","[0.0, 0.0, 0.0, 0.0, 0.0, 0.0, 0.0, 0.0, 0.0, 0.0]"
var_163,float64,0,123168,-6.5317,11.002169658000025,27.5648,5.262055707897852,"[6.2065, 10.1545, 14.4107, 7.3489, 8.8579, 12.7176, 13.562000000000001, 13.7487, 11.5607, 10.4868]","[9, 9, 9, 8, 8, 8, 8, 8, 8, 7]","[0.0, 0.0, 0.0, 0.0, 0.0, 0.0, 0.0, 0.0, 0.0, 0.0]"
var_164,float64,0,122744,-19.9977,-2.8719062955000054,12.1193,5.457784265798306,"[0.2792, -2.5152, 0.4382, 0.9544, -2.4997, -5.0243, 1.8001, -0.9087, -0.9245, 2.5095]","[9, 8, 8, 8, 8, 8, 8, 8, 8, 8]","[0.0, 0.0, 0.0, 0.0, 0.0, 0.0, 0.0, 0.0, 0.0, 0.0]"
var_165,float64,0,119403,3.8167,19.31575323400025,38.3322,5.024182338487214,"[19.8594, 19.866, 21.6432, 21.2323, 18.9524, 17.6449, 20.345, 17.3188, 17.7532, 17.6117]","[10, 10, 9, 9, 9, 9, 9, 9, 9, 9]","[0.0, 0.0, 0.0, 0.0, 0.0, 0.0, 0.0, 0.0, 0.0, 0.0]"
var_166,float64,0,17902,1.8512,2.963335069500006,4.2204,0.36968448363147904,"[2.7306, 3.1319999999999997, 2.6926, 2.8478, 2.8379, 2.6523, 2.8233, 2.832, 2.807, 2.9625]","[39, 38, 38, 38, 36, 36, 36, 34, 34, 34]","[0.0, 0.0, 0.0, 0.0, 0.0, 0.0, 0.0, 0.0, 0.0, 0.0]"
var_167,float64,0,140954,-35.9695,-4.151154532500039,21.2766,7.798020114795937,"[-1.8724, -2.0382, -3.8411, -6.7568, -6.8898, -1.4723, -9.4272, 0.1347, -1.9738, -10.058]","[8, 8, 7, 7, 7, 7, 7, 7, 7, 7]","[0.0, 0.0, 0.0, 0.0, 0.0, 0.0, 0.0, 0.0, 0.0, 0.0]"
var_168,float64,0,97227,-5.2502,4.9371239654999615,14.8861,3.105986068834237,"[3.8637, 3.3953, 3.7716, 4.2728, 5.9591, 7.3869, 5.046, 2.384, 5.3195, 2.314]","[11, 11, 11, 10, 10, 10, 10, 10, 10, 10]","[0.0, 0.0, 0.0, 0.0, 0.0, 0.0, 0.0, 0.0, 0.0, 0.0]"
var_169,float64,0,18242,4.2588,5.6360083450000324,7.0889999999999995,0.3694369147251395,"[5.6941, 5.5783, 5.5532, 5.502000000000001, 5.6056, 5.6871, 5.6773, 5.599, 5.702999999999999, 5.5842]","[39, 38, 37, 36, 36, 35, 35, 35, 35, 35]","[0.0, 0.0, 0.0, 0.0, 0.0, 0.0, 0.0, 0.0, 0.0, 0.0]"
var_170,float64,0,113720,-14.505999999999998,-0.004962060499999989,16.7319,4.42462083138626,"[0.018000000000000002, 3.1067, 3.8482, -1.9693, 1.0679, -3.0067, 0.0337, 2.022, 2.0902, 2.3313]","[10, 9, 9, 9, 9, 9, 9, 9, 8, 8]","[0.0, 0.0, 0.0, 0.0, 0.0, 0.0, 0.0, 0.0, 0.0, 0.0]"
var_171,float64,0,125914,-22.4793,-0.8317765935000033,17.9173,5.378008476599074,"[-0.9474, -0.0541, 0.2733, -5.4082, 0.5529999999999999, -4.2714, -1.6273, 0.9813, -3.2031, 2.5338]","[9, 8, 8, 8, 8, 8, 8, 8, 8, 8]","[0.0, 0.0, 0.0, 0.0, 0.0, 0.0, 0.0, 0.0, 0.0, 0.0]"
var_172,float64,0,143366,-11.4533,19.81709382500006,53.5919,8.674170633042982,"[20.4164, 16.6896, 11.9975, 26.4534, 14.9499, 19.9112, 23.9898, 16.2614, 21.8211, 20.4404]","[9, 9, 8, 8, 8, 7, 7, 7, 7, 7]","[0.0, 0.0, 0.0, 0.0, 0.0, 0.0, 0.0, 0.0, 0.0, 0.0]"
var_173,float64,0,128120,-22.7487,-0.6779670025000156,18.8554,5.9666741351965875,"[-3.3287, -6.28, 1.7815, 5.1735, -3.0143, -0.542, -1.1764, 2.3472, -8.0268, 0.2084]","[9, 9, 9, 8, 8, 8, 8, 8, 8, 8]","[0.0, 0.0, 0.0, 0.0, 0.0, 0.0, 0.0, 0.0, 0.0, 0.0]"
var_174,float64,0,134945,-2.9953,20.210676787999617,43.5468,7.136426608066063,"[20.0748, 24.8502, 22.4484, 24.7084, 21.8905, 21.2149, 23.1602, 18.6328, 14.3687, 26.8842]","[8, 8, 8, 7, 7, 7, 7, 7, 7, 7]","[0.0, 0.0, 0.0, 0.0, 0.0, 0.0, 0.0, 0.0, 0.0, 0.0]"
var_175,float64,0,92659,3.2415,11.640612669500042,20.8548,2.8921671725989144,"[11.7786, 11.7665, 11.7464, 11.7883, 11.7962, 9.8334, 11.7819, 8.6138, 11.5241, 11.789000000000001]","[12, 12, 11, 11, 11, 10, 10, 10, 10, 10]","[0.0, 0.0, 0.0, 0.0, 0.0, 0.0, 0.0, 0.0, 0.0, 0.0]"
var_176,float64,0,142521,-29.1165,-2.7995846819999657,20.2452,7.5139390644833695,"[2.3942, -6.6483, 1.5676, -0.2488, -7.8903, -2.5229, 6.0242, -1.4202, -5.5765, 3.8508]","[8, 8, 7, 7, 7, 7, 7, 7, 7, 7]","[0.0, 0.0, 0.0, 0.0, 0.0, 0.0, 0.0, 0.0, 0.0, 0.0]"
var_177,float64,0,85720,4.9521,11.882933387500087,20.5965,2.628894617727545,"[9.6888, 10.2667, 10.4087, 9.6622, 9.7668, 14.4322, 9.7599, 14.5418, 9.3901, 12.7165]","[12, 11, 11, 11, 11, 11, 11, 11, 10, 10]","[0.0, 0.0, 0.0, 0.0, 0.0, 0.0, 0.0, 0.0, 0.0, 0.0]"
var_178,float64,0,145235,-29.2734,-1.0140635940000067,29.8413,8.579810237462063,"[-0.4137, -4.4545, 0.6106, -1.9429, -4.4685, 0.1215, -2.363, 3.2791, -1.0615, -10.9153]","[8, 8, 8, 7, 7, 7, 7, 6, 6, 6]","[0.0, 0.0, 0.0, 0.0, 0.0, 0.0, 0.0, 0.0, 0.0, 0.0]"
var_179,float64,0,90090,-7.8561,2.5914436699999888,13.4487,2.7989563883535857,"[3.0241, 3.6629, -0.7483, 2.7684, 3.3831, 0.9314, 2.592, 2.5773, 2.7415, 3.3979]","[12, 12, 12, 12, 12, 11, 11, 11, 11, 10]","[0.0, 0.0, 0.0, 0.0, 0.0, 0.0, 0.0, 0.0, 0.0, 0.0]"
var_180,float64,0,123477,-22.0374,-2.7416661244999645,12.7505,5.261242673760175,"[-1.5019, -2.8918, 0.8005, -1.2927, -2.3082, -5.6998, 0.4365, -4.6226, -6.0485, -2.2081]","[9, 9, 9, 9, 9, 8, 8, 8, 8, 8]","[0.0, 0.0, 0.0, 0.0, 0.0, 0.0, 0.0, 0.0, 0.0, 0.0]"
var_181,float64,0,56164,5.4165,10.085518355000023,14.3939,1.3718623281231537,"[10.7953, 10.7933, 10.7921, 10.7948, 10.7923, 10.7937, 10.7992, 10.7872, 10.7944, 10.7975]","[22, 21, 21, 20, 20, 19, 19, 19, 19, 19]","[0.0, 0.0, 0.0, 0.0, 0.0, 0.0, 0.0, 0.0, 0.0, 0.0]"
var_182,float64,0,149195,-26.0011,0.7191090935000007,29.2487,8.963434063129045,"[6.6879, -3.2669, 0.9815, -3.9144, -4.4912, -9.3477, -3.2768, 1.8986, -3.3639, -2.2702]","[7, 7, 6, 6, 6, 6, 6, 6, 6, 6]","[0.0, 0.0, 0.0, 0.0, 0.0, 0.0, 0.0, 0.0, 0.0, 0.0]"
var_183,float64,0,117529,-4.8082,8.769087543500032,23.7049,4.474923935994575,"[8.2373, 6.5601, 7.0166, 9.5792, 10.1996, 6.2898, 5.2667, 12.1001, 5.0783, 5.4465]","[10, 9, 8, 8, 8, 8, 8, 8, 8, 8]","[0.0, 0.0, 0.0, 0.0, 0.0, 0.0, 0.0, 0.0, 0.0, 0.0]"
var_184,float64,0,145184,-18.4897,12.75667640600015,44.3634,9.318280283336767,"[12.6965, 3.8842, 10.1903, 19.1745, 3.1995, 16.774, 7.8121, 8.8713, 19.4552, 11.9619]","[9, 8, 7, 7, 7, 7, 7, 7, 7, 7]","[0.0, 0.0, 0.0, 0.0, 0.0, 0.0, 0.0, 0.0, 0.0, 0.0]"
var_185,float64,0,120747,-22.5833,-3.983260696500055,12.9975,4.725166882587854,"[-2.1651, -3.1468, -6.4269, -3.8339999999999996, -5.6621, -3.7024, -3.5987, -4.0386, -3.3577, -4.1891]","[9, 9, 8, 8, 8, 8, 8, 8, 8, 8]","[0.0, 0.0, 0.0, 0.0, 0.0, 0.0, 0.0, 0.0, 0.0, 0.0]"
var_186,float64,0,98060,-3.0223,8.970274164500177,21.7392,3.1897594379444434,"[9.1323, 8.6433, 6.1012, 9.5715, 9.2096, 11.2798, 8.5975, 10.1695, 9.6053, 11.3518]","[15, 12, 11, 11, 11, 11, 11, 10, 10, 10]","[0.0, 0.0, 0.0, 0.0, 0.0, 0.0, 0.0, 0.0, 0.0, 0.0]"
var_187,float64,0,157031,-47.7536,-10.33504261399998,22.7861,11.57470780029051,"[-2.9079, 2.2889, -9.2339, -3.48, -20.4298, -4.0468, 1.4318, -15.7448, -20.0159, -18.667]","[6, 6, 6, 6, 6, 6, 6, 6, 6, 6]","[0.0, 0.0, 0.0, 0.0, 0.0, 0.0, 0.0, 0.0, 0.0, 0.0]"
var_188,float64,0,108813,4.4123,15.377174499000043,29.3303,3.9446042819514675,"[13.1492, 18.3214, 12.8645, 15.0536, 12.1852, 14.4096, 14.9535, 18.7617, 12.2785, 12.0791]","[10, 9, 9, 9, 9, 9, 9, 9, 9, 9]","[0.0, 0.0, 0.0, 0.0, 0.0, 0.0, 0.0, 0.0, 0.0, 0.0]"
var_189,float64,0,41764,-2.5543,0.7460716689999991,4.0341,0.976347879403209,"[1.2638, 0.2501, 1.4229, 0.593, 1.1044, 1.3066, 0.7312, 0.6892, 0.2793, 0.7859]","[19, 19, 19, 18, 18, 18, 18, 17, 17, 17]","[0.0, 0.0, 0.0, 0.0, 0.0, 0.0, 0.0, 0.0, 0.0, 0.0]"
var_190,float64,0,114959,-14.0933,3.234439775999965,18.4409,4.559921679910722,"[1.0859999999999999, 3.8735, 4.3899, -1.5867, 4.7672, 3.1201, 0.5707, 6.1395, 4.1402, 1.9814]","[10, 10, 9, 9, 9, 9, 9, 9, 9, 9]","[0.0, 0.0, 0.0, 0.0, 0.0, 0.0, 0.0, 0.0, 0.0, 0.0]"
var_191,float64,0,94266,-2.6917,7.438408337000044,16.7165,3.0232717947239633,"[4.3057, 9.0394, 5.5482, 6.2718, 5.4268, 5.3739, 5.9432, 6.6088, 6.9021, 9.0025]","[13, 11, 11, 11, 10, 10, 10, 10, 10, 10]","[0.0, 0.0, 0.0, 0.0, 0.0, 0.0, 0.0, 0.0, 0.0, 0.0]"
var_192,float64,0,59065,-3.8145,1.9278385140000305,8.4024,1.4784228923366003,"[1.0223, 2.0140000000000002, 1.3945, 1.8275, 1.9166, 2.4594, 0.7975, 2.1864, 1.6559, 2.2359]","[19, 17, 17, 16, 16, 16, 16, 15, 15, 15]","[0.0, 0.0, 0.0, 0.0, 0.0, 0.0, 0.0, 0.0, 0.0, 0.0]"
var_193,float64,0,110557,-11.7834,3.331773684500021,18.2818,3.992030367901846,"[2.5643, 4.7947, 1.4436, 2.4223, 4.6744, 2.2821, 4.869, 1.7647, 6.7946, 3.4105]","[9, 9, 9, 9, 8, 8, 8, 8, 8, 8]","[0.0, 0.0, 0.0, 0.0, 0.0, 0.0, 0.0, 0.0, 0.0, 0.0]"
var_194,float64,0,97069,8.6944,17.993784182999992,27.9288,3.1351619964266195,"[15.0714, 17.5033, 19.1518, 15.9251, 16.2913, 19.5393, 16.8295, 18.5594, 17.5437, 21.4056]","[11, 11, 10, 10, 10, 10, 9, 9, 9, 9]","[0.0, 0.0, 0.0, 0.0, 0.0, 0.0, 0.0, 0.0, 0.0, 0.0]"
var_195,float64,0,57870,-5.261,-0.14208843350000508,4.2729,1.4293723644084009,"[-0.935, -0.1693, -0.5351, -0.2267, -0.9803, 1.1914, -0.0677, -1.2541, -0.3772, -0.0379]","[17, 16, 16, 15, 15, 15, 15, 15, 14, 14]","[0.0, 0.0, 0.0, 0.0, 0.0, 0.0, 0.0, 0.0, 0.0, 0.0]"
var_196,float64,0,125560,-14.2096,2.3033352435000185,18.3215,5.4543692500693215,"[1.7538, 6.729, -0.0909, 3.4848, 3.6928, -0.8425, 1.2559, -2.0156, 1.876, 3.4634]","[8, 8, 8, 8, 8, 8, 8, 8, 7, 7]","[0.0, 0.0, 0.0, 0.0, 0.0, 0.0, 0.0, 0.0, 0.0, 0.0]"
var_197,float64,0,40537,5.9606,8.90815768349999,12.0004,0.9216254844938548,"[8.0477, 8.9715, 8.4725, 8.8836, 8.9665, 8.484, 9.2467, 8.4201, 8.6608, 8.3935]","[23, 20, 20, 20, 19, 19, 19, 19, 19, 19]","[0.0, 0.0, 0.0, 0.0, 0.0, 0.0, 0.0, 0.0, 0.0, 0.0]"
var_198,float64,0,94153,6.2993,15.870720248000522,26.0791,3.010945491221765,"[16.875999999999998, 17.9382, 14.1484, 17.0855, 17.0495, 17.4116, 13.5326, 17.5183, 15.2724, 17.5176]","[13, 11, 11, 11, 11, 11, 11, 11, 10, 10]","[0.0, 0.0, 0.0, 0.0, 0.0, 0.0, 0.0, 0.0, 0.0, 0.0]"
var_199,float64,0,149430,-38.8528,-3.3265369004999985,28.5007,10.438015107352546,"[1.9261, -10.6006, -3.9853, -0.3752, -4.232, -6.402, 5.961, -6.761, 6.9076, 1.7481]","[7, 7, 7, 7, 7, 7, 6, 6, 6, 6]","[0.0, 0.0, 0.0, 0.0, 0.0, 0.0, 0.0, 0.0, 0.0, 0.0]"
